"","Year","MEI","ONI","PDO","NOI","NPGO","up.GOA1.an","up.GOA1.wi","up.GOA1.su","up.GOA1.sp","up.GOA1.au","up.GOA2.an","up.GOA2.wi","up.GOA2.su","up.GOA2.sp","up.GOA2.au","GOA.SST.An","GOA.SST.Sp","GOA.SST.Su","GOA.SST.Wi","GOA.SST.Au","Dis.Annual","Dis.High","Dis.Low","up.SE1.an","up.SE1.wi","up.SE1.su","up.SE1.sp","up.SE1.au","up.SE2.an","up.SE2.wi","up.SE2.su","up.SE2.sp","up.SE2.au","SE.SST.An","SE.SST.Sp","SE.SST.Su","SE.SST.Wi","SE.SST.Au","EBS.SST.An","EBS.SST.Sp","EBS.SST.Su","EBS.SST.Wi","EBS.SST.Au","Kusk.Dis.An","Kusk.Dis.high","Kusk.Dis.low","U","V","UR","VR"
"1",1950,-1.09433333333333,-0.86,-1.81,0.746333333333333,-0.766433333333333,-3.25809653802148,4.89034912822175,-1.67397643357167,-2.66258782702545,-3.2188758248682,-3.20206870655182,4.56434819146784,-1.38629436111989,-2.03688192726104,-3.10608033072286,-0.461787058874471,-0.595854133308756,-0.463047593773259,-0.659850247512906,-0.128396260902963,-0.378161511404553,-0.0461265375449429,-0.522173693276239,-2.46385324059017,4.66343909411207,-2.56494935746154,-3.41224721784874,2.30258509299405,-3.2088254890147,5.0998664278242,-1.89711998488588,-3.48635519000246,-3.2188758248682,-0.536951193912974,-0.812053449995651,-0.400001826841249,-0.805035437822811,-0.130714060992187,-0.368701248341772,-0.29024457413229,-0.498745710421828,-0.00317358670488044,-0.682641122108087,NA,NA,NA,-2.14567278,-0.674130318,-1.993901893,1.040537653
"2",1951,0.01375,0.430833333333333,-0.769166666666667,-0.275,-0.961158333333333,2.32727770558442,-1.6094379124341,-1.38629436111989,0.693147180559945,3.47609868983527,2.63308716262875,2.39789527279837,0,1.6094379124341,3.54577861047326,-0.0243703464314287,-0.336187452019086,0.576952685971241,-0.526516802917569,0.188270183239701,-0.15910389230039,-0.125557853828465,-0.16594154492291,2.87638551592142,-2.94443897916644,0.980829253011726,2.63905732961526,3.70540875606515,2.54553127160443,-3.87120101090789,-0.287682072451781,2.23359222150709,3.72166927693693,0.209632108902801,-0.0820532719764344,1.07666462365929,-0.571702168067765,0.415619251996114,0.0887988648325466,-0.220244588735431,0.304588048886031,0.0934930871143439,0.177358912065242,-0.230178939557927,NA,0.461899503284494,-1.361292882,-0.988468187,-1.661531986,0.26362687
"3",1952,-0.0625,0.174166666666667,-0.865833333333333,0.143833333333333,-0.639416666666667,-2.10006082888257,-4.47733681447821,-0.980829253011726,-1.09861228866811,-2.07944154167984,0.773189888233482,-4.20469261939097,-0.847297860387204,0,2.85263142991332,-0.190620376631118,-0.404854148567545,-0.471380799949992,-0.168516762863249,0.282270204856317,0.0929036660162001,0.132636218247116,0.0837764183756828,-2.35928043667059,3.09104245335832,-0.405465108108164,-2.85263142991332,-3.53611669956153,-2.83321334405622,-4.43081679884331,0.847297860387204,-2.4567357728213,-3.62877553004423,0.0730488998650074,-0.143386451450325,-0.0420020252054822,-0.164035484870745,0.64161956098658,-0.138784504407619,-0.198244596305222,-0.534078867007524,-0.0135069062099361,0.190692351892209,0.146073070375406,0.15864828099029,0.116618958297266,-1.007363011,-0.516240324,-1.07735025,0.347276182
"4",1953,0.328833333333333,0.713333333333333,-0.156666666666667,1.546,1.08228333333333,-2.6149597780362,-5.11198778835654,0.405465108108164,-1.38629436111989,-2.03688192726104,-1.99243016469021,-4.90527477843843,0,-0.847297860387204,-1.09861228866811,0.55146311326375,0.587145954429285,0.683619568804074,0.490149927327383,0.444937002494258,0.0255575203305956,-0.0116749910155605,0.0435902658149434,-2.93562834948429,-3.73766961828337,-0.405465108108164,-0.980829253011726,-3.64631983969514,-2.46385324059017,-4.70953020131233,0.980829253011726,-1.67397643357167,-1.38629436111989,0.699715445732938,0.501279902411183,1.26333143019819,0.404964441378438,0.629286008943946,0.192965497350719,0.339755428549916,0.717921146979698,0.173493097743839,-0.459307683870576,0.0192890173309195,-0.236160591550322,0.268793692464442,-2.421021504,-3.559016688,-4.228525557,-0.804684111
"5",1954,-0.922083333333333,-0.400833333333333,-0.290833333333333,0.39075,0.207075,1.25276296849537,-3.36729582998647,0.693147180559945,-2.26868354131836,2.6149597780362,-0.510825623765991,-4.11087386417331,0.693147180559945,-2.26868354131836,2.26868354131836,0.240713105634351,0.167479346254641,0.146952698686874,0.246816746581944,0.401603631013947,-0.108763764992521,-0.217994140063748,-0.0677321088557861,0.405465108108164,3.89182029811063,2.23359222150709,-1.73460105538811,-3.32022831912849,2.46385324059017,3.09104245335832,2.03688192726104,-0.287682072451781,2.03688192726104,0.382965515351156,0.187946708950055,0.523331341188586,0.308297946373152,0.512286064892834,0.0296321428329009,0.139755390800307,-0.122078846662472,-0.103173565843253,0.204025593037023,-0.049906652777695,-0.442107951925617,0.278421700684344,-2.092642418,-2.731820822,-3.411410672,-0.451967384
"6",1955,-1.60891666666667,-0.948333333333333,-1.94833333333333,2.41641666666667,-0.0749,1.84582669049833,4.64439089914137,0.287682072451781,0.510825623765991,-3.70540875606515,2.08980432871538,4.57471097850338,0,1.38629436111989,-3.34403896782221,-0.123453730309495,-0.265854050656983,-0.106381028831793,0.0901499114328104,-0.211729753182015,-0.0140955016886242,0.0804539988054742,-0.0443874919293599,1.09861228866811,2.83321334405622,1.20397280432594,0.510825623765991,-3.07577498122753,-0.733969175080201,4.58496747867057,0.510825623765991,-1.20397280432594,-4.28588277412098,-0.205284565393271,-0.282053558078741,-0.336668633380116,0.124964549461532,-0.327380619575756,-0.497034584161737,-0.430244602357576,-0.922079037397335,0.020159764112482,-0.655974461004521,0.0769092078931397,-0.172692801323588,0.213820718407518,-1.571274417,-3.686647415,-3.717912182,-1.495794592
"7",1956,-1.27533333333333,-0.5775,-1.80416666666667,2.73533333333333,0.0699583333333333,-2.49869997192034,-4.92725368515721,0.510825623765991,0,-2.6149597780362,-2.47092040781326,-4.83628190695148,0,1.46633706879343,-3.04452243772342,-0.0781204044466239,-0.0681875645526526,-0.00804735217576003,0.094816478281567,-0.331063179339649,-0.00119996397120481,0.167018735878083,-0.0626289034463507,-2.19722457733622,-4.91265488573605,1.46633706879343,0,-1.79175946922805,-2.53237318702692,-5.15329159449778,1.29928298413026,-0.693147180559945,-1.73460105538811,0.228882104452303,0.276613465897886,0.654664692323818,0.0459643943305084,-0.0617141347429992,-0.592951195537025,-0.281577951990296,-0.937412213056515,-0.0135069062099364,-1.13930771089135,0.0765071362615348,0.21383469655758,0.0417944136408224,-0.946870191,-2.43002854,-2.387827992,-1.048751326
"8",1957,0.618333333333333,0.960833333333333,0.2275,-1.07316666666667,-1.1473,3.02448168683998,4.95582705760126,-1.09861228866811,-1.67397643357167,3.44468249360189,2.9704144655697,4.81218435537242,-1.20397280432594,-1.20397280432594,3.36729582998647,0.703213081792495,0.854145993847817,1.25695267325557,-0.176516739339283,0.878270399405874,-0.097159350195458,-0.167285223710076,-0.0683477119750311,2.84296951900158,4.48863636973214,1.54044504094715,0.287682072451781,3.20545280453606,3.25809653802148,5.08140436498446,1.46633706879343,0.287682072451781,3.61091791264422,0.908048779066268,0.941279959631625,1.59333135390425,-0.0217022952243413,1.11928609795354,0.411298846603459,0.269755415834258,0.547921229631472,0.010159763715118,0.817358977232989,0.0540033786056124,0.405736207300629,-0.388664825478422,-1.628674865,-1.477348634,-2.196290279,0.107003804
"9",1958,0.7815,0.8325,0.643333333333333,-1.87841666666667,-0.5478,-2.60884355101876,3.73766961828337,-0.693147180559945,1.46633706879343,-2.77258872223978,-1.50407739677627,3.55534806148941,-0.287682072451781,1.73460105538811,-1.89711998488588,0.660629775162051,1.10047927504696,0.560286273617741,0.766816568562737,0.214936983420768,0.104762694796595,0.0928750923822577,0.114161458077513,-3.00403107636869,-4.56434819146784,0.287682072451781,2.89037175789616,-3.58351893845611,-3.20545280453606,-3.3322045101752,-0.847297860387204,2.56494935746154,-3.65497790243825,1.05838222334371,1.67628041103746,1.16666477624718,1.00496450495673,0.385619201133474,0.140048819682027,0.414755416628984,0.00125444852388856,-0.0231735874996087,0.167359001074846,-0.0623704618202101,-0.451992711158161,0.118169772785523,-2.182128915,-2.708191991,-3.457979075,-0.371982768
"10",1959,0.131916666666667,0.136666666666667,-0.0266666666666667,0.526166666666667,-0.203458333333333,-2.66258782702545,-5.66988092298052,0.287682072451781,-0.287682072451781,2.97892515523761,-2.32727770558442,-5.34710753071747,-0.405465108108164,0,3.09104245335832,0.423212991193432,0.467479378043784,0.18028584128534,0.396816524057934,0.648270221386671,0.077940324493639,0.159690816456481,0.0527351505076865,-2.24248116892434,-4.34380542185368,0.693147180559945,1.38629436111989,-2.4567357728213,-2.60268968544438,-5.50125821054473,1.09861228866811,1.89711998488588,2.42774823594805,0.631298890010367,0.757947039557162,0.479998287599685,0.484964365084496,0.802285867800125,0.177965453913834,0.249755424973638,-0.358745684990518,0.230159787358294,0.590692288313923,-0.0664714487164826,-0.143556207236934,0.0308356971232016,-1.708746178,-1.455955327,-2.237781894,0.178750125
"11",1960,-0.278333333333333,0.0683333333333333,0.0575,0.7945,0.747741666666667,1.84582669049833,4.65396035015752,1.09861228866811,-1.6094379124341,2.79320800944252,1.68948062010764,4.49980967033027,-1.09861228866811,-1.54044504094715,2.81341071676004,0.291046526069949,0.485146194755208,0.151953131019274,0.404816421061107,0.122270357444208,0.124128053441019,0.0687258710852472,0.148172994157123,-1.15267950993839,3.49650756146648,-1.09861228866811,-1.73460105538811,-2.33537491581704,1.70474809223843,4.68213122712422,-1.20397280432594,0,2.15948424935337,0.657215545868729,0.733280094417579,0.647998190960717,0.682631169080266,0.564952729016351,0.137882177495485,0.158422090329002,0.282587895026575,0.106493099800199,0.00402562482616586,0.124723544241533,0.105781794725106,0.211000227046327,-3.480672325,-3.284468285,-4.783676801,0.138737208
"12",1961,-0.276083333333333,-0.0166666666666667,-0.8175,1.51208333333333,0.970683333333333,-1.44691898293633,3.63758615972639,1.79175946922805,-0.693147180559945,-2.23359222150709,-2.08980432871538,3.17805383034795,1.79175946922805,-0.510825623765991,-2.83321334405622,0.516546354726454,1.14081270501928,0.393619289059608,0.62348329244986,-0.0917298676229317,0.163479983413968,0.140594291070897,0.17666141410062,-2.01490302054226,-4.67282883446191,2.30258509299405,-2.03688192726104,3.83586164446258,0.916290731874155,-3.36729582998647,2.15948424935337,-1.46633706879343,3.99513791213865,0.761382212535404,1.15461340740589,0.949998236737084,0.794964466809756,0.145952739188891,0.104632132153735,0.396422110713789,-0.425412288078896,0.116826447865814,0.330692258114233,0.164234790236893,-0.388731219203404,0.496938262123496,-1.568607726,-2.803591234,-3.091611534,-0.873265213
"13",1962,-0.755916666666667,-0.215,-1.15833333333333,1.32983333333333,-0.093425,1.64222773525709,3.68887945411394,0.510825623765991,-1.94591014905531,-2.94443897916644,-0.810930216216329,2.07944154167984,1.09861228866811,-2.42774823594805,-3.36729582998647,0.251546369031563,0.0941459239117046,0.150286108314141,0.343483241587228,0.418270202313181,-0.0993614126301914,0.0214435261541848,-0.140378741722971,1.07044141170141,4.02535169073515,0.510825623765991,-2.63905732961526,-3.13549421592915,2.26002547857525,4.35670882668959,1.09861228866811,-2.15948424935337,-2.75153531304195,0.760548939601437,0.587946645371765,0.983331697226985,0.584964587608505,0.885952828198491,-0.0595345151662552,-0.25357790518078,-0.0020789611033889,0.343493104499032,-0.325974298879884,0.18710868599195,0.29443713760911,0.102146049914273,-1.404272131,-0.801431748,-1.55966817,0.426272522
"14",1963,0.0439166666666667,0.6575,-0.685833333333333,-0.561333333333333,-0.234733333333333,-0.287682072451781,4.92725368515721,0,2.26868354131836,-3.93182563272433,-1.84582669049833,4.54329478227,0,2.26868354131836,-3.92526823217817,0.649796432291969,0.377146075228028,0.456952800412141,0.883483362385981,0.881603491141728,-0.0915200249589354,-0.03818265207458,-0.105751275618495,-2.79320800944252,4.45434729625351,-2.97892515523761,2.33537491581704,-4.14841178349238,-1.55814461804655,5.20948615284142,-2.484906649788,2.07944154167984,-4.07187170637004,1.173798829611,1.12794676617053,1.26333143019818,1.23163111440294,1.07228600767236,-0.167034559329574,0.1097554715646,-0.595412364372842,0.0834930910631516,-0.265974435573204,0.448895128515419,0.410251239102744,0.59172868411703,-2.234860897,-3.075311405,-3.754858844,-0.594288254
"15",1964,-0.77975,-0.341666666666667,-0.77,2.30783333333333,0.544125,0.773189888233482,3.29583686600433,-1.09861228866811,1.38629436111989,-3.3322045101752,-1.22866541691631,0.693147180559945,-0.847297860387204,0.510825623765991,-3.44468249360189,0.2310463051354,0.168479114829671,-0.201380660077726,0.894816669016428,0.0622700967732275,-0.02183209574474,-0.00265217542846763,-0.0234270340342988,2.44956728334269,-1.09861228866811,1.20397280432594,2.4567357728213,3.07577498122753,2.11021320034659,3.29583686600433,1.94591014905531,2.19722457733622,-2.63905732961526,0.417215417122687,0.346613319667832,-0.0453354348327828,1.14596461685451,0.221619166801187,-0.35628456334171,0.348422122714194,-1.06407907681587,0.0664930870348709,-0.77597438630003,0.11737340487397,0.4492105289916,-0.290123625092651,-1.933794082,-3.159364628,-3.601407062,-0.866609244
"16",1965,0.689916666666667,0.900833333333333,-0.314166666666667,-0.486,-0.837208333333333,0.182321556793955,-4.56434819146784,2.36712361413162,2.30258509299405,1.54044504094715,0.45953232937844,-3.85014760171006,2.12026353620009,1.84582669049833,-0.510825623765991,-0.37012030081401,-0.652520825406739,-0.513047148725217,-0.336516745697113,0.0216035165730277,-0.280075778840864,0.0422486091787047,-0.418597314607664,2.38262780066758,-3.49650756146648,3.10608033072286,2.15948424935337,2.33537491581704,-0.0870113769896298,-4.64439089914137,2.90872089656436,1.09861228866811,1.09861228866811,-0.111951281333107,-0.465386637098924,-0.273335439919016,-0.105035628557674,0.395952580243183,-0.141201200186186,-0.0869112484482224,-0.638745735853145,-0.0865069001699971,0.247359083726622,0.221453623681267,0.0126387137511799,0.487412251679661,-1.065824526,-2.452203878,-2.487621741,-0.980318242
"17",1966,0.252833333333333,0.375,-0.459166666666667,-0.457083333333333,-0.95635,-2.87638551592142,-5.45958551414416,0,2.484906649788,-2.39789527279837,-2.80336038090653,-4.96284463025991,-0.287682072451781,2.19722457733622,-3.0122615755052,0.00404630704273767,-0.0525207618284522,-0.239714235008593,0.406816435048331,-0.0983962100403328,-0.123023484934153,0.00148784052771767,-0.165587147567042,2.01490302054226,-3.49650756146648,-2.15948424935337,0.980829253011726,3.66356164612965,-3.03254624667671,-5.46806014113513,-2.51230562397611,2.07944154167984,-2.51230562397611,0.229632169302166,0.00127990241117537,0.489998198590117,0.388297870079206,0.0389527061281676,0.172132173330612,0.326422088064027,-0.192078859378128,0.483493117512713,0.0706923471238392,-0.0144482276922435,-0.0133580664317119,0.00553467343552327,-1.872277447,-1.1597046,-2.143935066,0.503865092
"18",1967,-0.591,-0.306666666666667,-0.734166666666667,0.49425,-0.699741666666667,2.77778353911689,-1.6094379124341,-1.99243016469021,2.39789527279837,3.88499433304023,2.50552593699074,-3.29583686600433,-1.38629436111989,2.23359222150709,3.79173683955364,0.425713048413894,0.297479301749838,0.633619378069207,0.230149857391267,0.541603656445265,-0.0638144698378138,-0.412347120570935,0.0400208372067432,2.68557734525015,3.29583686600433,-3.3322045101752,3.32022831912849,3.9576335166802,2.65089178726226,-3.61091791264422,-2.87167962488401,2.94443897916644,4.17438726989564,0.567132185196728,0.454613280249299,0.983331379335517,0.218297952730979,0.612286128471114,1.01546554741862,1.58308882784572,1.44792116605318,0.296826432666629,0.734025763108943,0.3234222692661,0.466135918678665,0.24270052092762,-0.610050627,0.645849447,0.025313588,0.888055459
"19",1968,-0.3195,0.135,-0.403333333333333,0.148583333333333,-0.850616666666667,-1.34373474670109,3.73766961828337,-1.6094379124341,0.980829253011726,-2.51230562397611,-1.87180217690159,0,-1.89711998488588,0.510825623765991,-2.484906649788,0.636879827614128,0.798479388216307,1.10528603202021,0.481483411977044,0.16227047824295,-0.128232515052611,-0.071243187357183,-0.143850194174844,-2.66258782702545,4.57471097850338,-2.33537491581704,-1.99243016469021,-2.30258509299405,-3.30199073157871,4.80402104473326,-2.63905732961526,-1.29928298413026,-3.99513791213865,0.658882210945938,0.693280132564559,1.23799834354858,0.405964368899192,0.298285998771417,0.224548802178129,0.391755384919315,0.255921094845498,0.443159781914403,-0.192641052966697,-0.206875415889662,-0.00962793392051253,-0.505328249149963,-1.547774985,-2.20247502,-2.65182721,-0.462942834
"20",1969,0.5425,0.745,-0.0983333333333333,-1.74916666666667,-0.387633333333333,-2.78295150927533,-3.89182029811063,-0.980829253011726,-1.67397643357167,-3.72970144863419,-1.68948062010764,-2.83321334405622,-1.20397280432594,-0.693147180559945,-3.02852209637698,-0.0576202809457991,-0.372520774544109,-0.293047199587861,-0.0765167552338557,0.511603605582631,-0.0921567352126207,-0.197616732989371,-0.0522762210256946,-3.22882615572137,4.24849524204936,-2.12026353620009,-3.02852209637698,-4.56434819146784,-3.58583107821449,-3.66356164612965,-1.38629436111989,-2.83321334405622,-4.52178857704904,0.0755488378761733,0.00128006135690217,-0.320001903135182,-0.125035450538471,0.745952643821447,0.428798833018567,0.466422153231771,0.68125443580823,0.240159775338024,0.327358967696243,-0.197950875583871,-0.170399780133348,-0.225838914641871,-2.023549846,-0.990332884,-2.131136917,0.73059472
"21",1970,-0.529916666666667,-0.32,-0.3975,0.0158333333333333,0.06105,-1.87180217690159,-4.26267987704132,0.287682072451781,1.73460105538811,-2.90872089656436,-1.57553636075842,-4.29045944114839,0,1.46633706879343,-1.89711998488588,0.363963033790893,0.540479332267415,-0.343047390322694,0.983483425964264,0.274936767254587,-0.0808926930358069,0.0223833832294336,-0.114705598837237,1.76358859226136,2.70805020110221,0,-2.36712361413162,3.90533401727735,0.810930216216329,2.484906649788,-0.847297860387204,-0.287682072451781,2.89037175789616,0.467132201091308,0.437946867895772,-0.426668468076549,1.13496446045193,0.722285944094084,0.0679654824495572,0.279755485770374,-0.545412332583695,0.320159783483991,0.217358993127559,-0.153101281975568,-0.203995035503247,-0.126894368194291,-3.115263138,-3.738736732,-4.846509786,-0.440862406
"22",1971,-1.39758333333333,-0.94,-1.29083333333333,2.66933333333333,0.381983333333333,-2.31911439494526,-5.4510384535657,0.980829253011726,-0.847297860387204,3.70540875606515,-2.14006616349627,-5.2257466737132,1.09861228866811,-1.09861228866811,3.64631983969514,-0.690120373134316,-1.18918753657821,-1.05638083809698,-0.166516748876026,-0.348396368986049,-0.182705559888841,0.012333070147406,-0.256313292554854,2.77258872223978,4.04305126783455,1.46633706879343,-1.99243016469021,4.0943445622221,2.47092040781326,-3.36729582998647,1.29928298413026,-2.66258782702545,4.08317126162398,-0.304451197091881,-0.515386668888067,-0.366668684242748,-0.0317022062147414,-0.304047229021963,-0.562117861185444,-0.307244601133197,-1.33874554511828,-0.0265068804011238,-0.575974418089174,0.134791581152818,0.244872713718664,0.105290387630173,-1.107187059,-1.495679161,-1.840504355,-0.2747054
"23",1972,0.854166666666667,0.9275,-0.921666666666667,-0.2475,-0.6593,-1.99243016469021,4.04305126783455,0.510825623765991,1.29928298413026,3.17805383034795,-2.26868354131836,3.68887945411394,0.405465108108164,0.287682072451781,2.90872089656436,-0.902286980514224,-1.2515207230457,-0.754713942548459,-0.915183512181686,-0.687729744281053,-0.226533920304183,-0.419130563240969,-0.161433622551778,3.02042488614436,4.39444915467244,2.07944154167984,0.847297860387204,3.95124371858143,2.14006616349627,4.7361984483945,1.67397643357167,0.287682072451781,3.79173683955364,-0.526951203449713,-0.613386718479134,-0.205335282244882,-0.720702176968724,-0.568380636106113,-0.272117841590418,-0.0282445721653388,-0.457412193983032,0.0364931106780466,-0.63930771089135,0.215843522440405,0.459392705404863,0.00687650523699013,-0.071669894,-1.406457282,-1.045193749,-0.943837213
"24",1973,-0.446416666666667,-0.6175,-0.804166666666667,0.4115,0.126591666666667,1.01160091167848,3.85014760171006,1.89711998488588,-1.09861228866811,-2.85263142991332,1.57553636075842,1.79175946922805,0.510825623765991,-1.09861228866811,1.46633706879343,-0.467620307171833,-0.259187231402422,-0.779714196861592,-0.466516701192309,-0.365063099231006,-0.268237898050868,0.0319649548165746,-0.39455706810198,1.42711635564015,3.66356164612965,1.54044504094715,-3.16406758837321,2.85263142991332,2.00372971994414,4.68213122712422,1.6094379124341,-2.79320800944252,-0.510825623765991,-0.614534586374099,-0.488719868706998,-1.00000220831092,-0.375035609484188,-0.594380658994292,-0.268701198422882,-0.370244572344152,-0.758745621412229,0.0201597641124822,0.0340256359523692,-0.0167369666308463,0.09981383489575,-0.129196306674805,-1.757448083,-1.972901136,-2.637755228,-0.152348315
"25",1974,-1.16691666666667,-0.886666666666667,-0.336666666666667,1.62275,-0.00930833333333334,-1.54044504094715,-3.09104245335832,0.405465108108164,1.09861228866811,3.43398720448515,-1.12601126285622,-1.38629436111989,-0.510825623765991,0,3.34403896782221,0.0440463285004151,-0.282520780901939,0.616952647824274,-0.286516793380827,0.128270240460155,-0.0184925382143177,-0.279174512242463,0.0644516330761924,-0.916290731874155,4.48863636973214,2.23359222150709,-1.89711998488588,-3.55534806148941,1.34373474670109,4.4188406077966,1.73460105538811,-1.29928298413026,0,0.067215393280847,-0.0887199322852679,0.603331264894617,-0.278368955533182,0.032619196047218,0.130465513648863,0.3464220838917,0.401254543891318,0.0634930939937132,-0.289307667181277,-0.150223914463901,-0.114653616056406,-0.219232663895763,-1.442547244,-2.905851432,-3.074782191,-1.034712315
"26",1975,-1.28433333333333,-1.0525,-1.10166666666667,2.15716666666667,0.7985,1.42711635564015,4.26267987704132,-0.405465108108164,1.29928298413026,-2.63905732961526,1.55814461804655,3.97029191355212,0,0.510825623765991,-2.68557734525015,-0.446786993706717,-0.822520742754962,-0.393047263166126,-0.15985008856719,-0.411729880338589,-0.118905428848452,-0.0429790736022753,-0.141825769069088,1.73460105538811,3.3322045101752,-0.693147180559945,0.980829253011726,3.25809653802148,1.57553636075842,4.68213122712422,-0.980829253011726,-1.09861228866811,3.09104245335832,-0.675284633739927,-0.752053348270394,-0.913335465350315,-0.348368809303118,-0.68738091203588,-0.490367865101967,-0.263577899369328,-0.675412288078895,-0.106506930767049,-0.915974342192596,-0.0186222827692237,-0.0450998761099015,-0.018243620782556,-1.281669493,-2.925597634,-2.974987116,-1.162432736
"27",1976,-0.103583333333333,-0.0491666666666667,0.00833333333333333,0.7355,1.86320833333333,0.559615787935423,4.20469261939097,-2.36712361413162,-1.54044504094715,-2.42774823594805,1.96944064646551,3.97029191355212,-2.07944154167984,-0.980829253011726,2.42774823594805,-0.118120346431436,-0.438187450111736,0.0419525206676727,-0.255183346878146,0.178936890596468,0.140027833124963,0.0209715432856896,0.1840330058135,-2.73544917529032,-4.12713438504509,-3.120895416508,-3.23212105161822,-1.67397643357167,-1.44691898293633,2.39789527279837,-3.0122615755052,-2.77258872223978,-2.484906649788,-0.26361776362274,-0.400053270704881,-0.415335002500383,-0.284035688321268,0.0449529070355705,-0.279617887212807,-0.414911284826925,-0.567412327497432,-0.103506929654431,-0.0326410068724408,-0.25180757525251,-0.0396406539535121,-0.554738710102315,-1.297766585,-2.982530666,-3.026627212,-1.191308106
"28",1977,0.617,0.511666666666667,0.230833333333333,-0.0620833333333333,1.24926666666667,2.484906649788,3.87120101090789,0.693147180559945,0,-3.27083556379891,1.80555279136039,3.85014760171006,-1.09861228866811,0.847297860387204,-1.84582669049833,0.638963049685466,0.800479243257814,0.740286260902074,1.05014987010692,-0.0350631755249493,0.0742149758889141,-0.0132331269824881,0.108517216851423,-2.20644123244114,-1.09861228866811,1.94591014905531,-1.29928298413026,2.4567357728213,0.287682072451781,4.17438726989564,2.15948424935337,0,-0.510825623765991,0.443048904633391,0.604613375616743,0.343331671795685,1.13496461939765,-0.310714048276509,0.180465420485561,0.0397554265630937,0.874587584764528,0.0701597760334113,-0.262641105418787,0.0594997330985318,0.111049345892937,0.0659420649376017,-2.583480152,-4.470685908,-4.988048656,-1.334455988
"29",1978,0.11525,-0.0983333333333333,0.235833333333333,-0.654083333333333,0.504475,2.07944154167984,-1.38629436111989,0,2.4567357728213,3.97656152656572,2.54553127160443,2.89037175789616,1.09861228866811,2.30258509299405,3.97656152656572,0.0139631688947528,-0.0728538929828257,-0.266380558352493,0.19015005448396,0.204937072430371,-0.170956586627559,-0.00631838778170746,-0.230795189816538,-1.04145387482816,-3.87120101090789,-2.07944154167984,2.15948424935337,3.77658503453304,-1.76358859226136,-4.27666611901606,-1.54044504094715,2.19722457733622,4.04888218814534,-0.0703679419598355,0.164613159450565,-0.370002093870015,0.184964492241069,-0.261047325660963,0.528798882316575,0.66975543172883,0.537921318641075,0.410159774642636,0.497359004253759,-0.411860526299369,-0.735269490142024,-0.413789030652101,-3.47409468,-2.132114432,-3.96418848,0.948923334
"30",1979,0.521333333333333,0.250833333333333,0.335,-1.44816666666667,-0.737183333333333,-2.75153531304195,4.07753744390572,-2.12026353620009,1.46633706879343,3.53611669956153,-1.81915844341617,4.26267987704132,-2.07944154167984,1.09861228866811,3.3787245258101,0.213212953046474,-0.299187511146889,0.403619200050041,0.0501498701069272,0.698270253175817,-0.117250811157939,-0.188468858567932,-0.0880892730793921,0.693147180559945,3.52636052461616,-2.6149597780362,0.510825623765991,-2.07944154167984,-2.35137525716348,3.43398720448515,-2.56494935746154,1.29928298413026,3.0122615755052,0.0854655407824687,-0.302053221113814,0.246664699953218,-0.141702021837708,0.53895270612818,0.894632188380783,0.99642212462154,1.02458783907768,0.800159795106898,0.757358994717016,-0.0409719374763036,0.0676241780190008,-0.21322663983555,-3.593482477,-0.055423362,-2.580166063,2.501785593
"31",1980,0.554583333333333,0.253333333333333,0.6025,-1.08591666666667,-0.7491,-2.47793798047191,3.17805383034795,0,-2.66258782702545,-3.62877553004423,-1.96944064646551,2.07944154167984,1.09861228866811,-2.26868354131836,-3.47609868983527,0.0660464227552229,0.245145946799887,-0.241380621930793,0.124816688089914,0.135603678061885,0.0526430421351272,0.0879271290817005,0.0451641059260766,-3.06805293513362,3.8286413964891,2.19722457733622,-3.89182029811063,-3.70540875606515,-3.50405476710186,0,1.46633706879343,-3.76892216178747,-4.15888308335967,0.0122153662600759,0.0832799990501689,-0.285335523842349,0.162631029208032,0.0882859606244537,0.0303821654627989,0.0450887260012549,0.159254599840215,-0.160173572081872,0.0773589080915986,0.216737730380842,0.317411790933456,0.0518868334258773,-2.476209606,-2.952631422,-3.838770306,-0.336881097
"32",1981,0.0744166666666667,-0.268333333333333,0.918333333333333,-0.717416666666667,-0.221833333333333,1.59263079411772,3.17805383034795,-1.73460105538811,-1.38629436111989,2.51230562397611,2.07944154167984,3.58351893845611,-1.09861228866811,-1.29928298413026,2.68557734525015,0.716546362673749,1.20081264779882,0.60028591757934,0.896816683003654,0.168270202313184,0.0462213767541577,-0.0777981326471728,0.0917141267346668,-3.28341434600577,-5.60947179518496,-2.53897387105828,-1.79175946922805,2.59026716544583,-2.27726728500976,-4.81218435537242,-2.68557734525015,0.847297860387204,1.89711998488588,0.583048850591824,0.904613566351588,0.496664699953184,0.788297806500919,0.142619329561608,0.376298902333802,0.726422153629134,0.574588029812545,-0.146506892620077,0.350692318513606,-0.0120810156012823,-0.0155552821973579,-0.0810800658164528,-2.677794652,-3.050892089,-4.050793242,-0.263819728
"33",1982,1.09091666666667,0.99,0.114166666666667,-2.03175,-0.686708333333333,-2.94443897916644,-4.69134788222914,-1.09861228866811,-1.6094379124341,-2.6149597780362,-2.63308716262875,-3.97029191355212,0,-1.6094379124341,-2.36712361413162,-0.455953671499585,-0.782520621956219,-0.71638068550906,0.0101498287810369,-0.335063207314096,-0.254630702505436,-0.152015058546549,-0.288175631741916,2.76736677825863,4.00733318523247,1.94591014905531,-1.46633706879343,3.06027079469156,-2.69124308278583,-4.64439089914137,1.67397643357167,-2.87167962488401,-0.693147180559945,-0.505284517709553,-0.892053214755991,-0.643335325478082,-0.268368726651344,-0.217380803952793,-0.288701211014365,-0.306911277058454,-0.738745640485718,0.0434930851275223,-0.152641011640811,0.0946490840112642,-0.0284193121671628,0.188983862461319,-1.416661515,-1.639792847,-2.161239605,-0.157777678
"34",1983,1.60783333333333,0.48,1.64833333333333,-3.90625,-0.09205,-3.29274567343466,-4.93447393313069,-0.405465108108164,-0.287682072451781,-2.26868354131836,-2.9400433676934,-4.86753445045558,-0.847297860387204,1.09861228866811,2.15948424935337,0.45821303728769,0.697479397117267,0.680285841285341,0.243483336954661,0.211603573793491,-0.00492085338872172,0.0887744230519516,-0.0348704993627535,-2.87638551592142,-5.06890420222023,-1.29928298413026,1.46633706879343,3.30810695859614,-3.31418600467253,-4.71849887129509,-1.46633706879343,1.46633706879343,-2.77258872223978,0.413048814034333,0.871280264807416,0.276664750815884,0.498297844647889,0.00595239586614049,0.388798873649066,0.686422154523204,0.824587870866825,-0.246506906527829,0.290692375734066,-0.246339211492316,-0.350447411208842,-0.288846149810897,-2.944563167,-2.758562999,-4.032719186,0.13152198
"35",1984,-0.118416666666667,-0.505833333333333,0.8375,1.03233333333333,0.620758333333333,2.07944154167984,4.61512051684126,-2.39789527279837,-0.510825623765991,3.14988295338125,0.810930216216329,4.20469261939097,-2.36712361413162,-1.29928298413026,3.16406758837321,0.597713138695066,0.781812816917077,0.545286248186407,0.57481665630077,0.488936833376011,-0.120416683525601,-0.0426085829346725,-0.144073215705193,-2.54553127160443,1.09861228866811,-3.04452243772342,-2.96183072187831,3.83586164446258,-0.949080554697146,4.55387689160054,-3.14988295338125,-1.89711998488588,3.29583686600433,0.38013222842997,0.611613504044873,0.101331409853117,0.792631302594669,0.0149526972272174,0.256215525568551,-0.098244565012783,0.319254606198042,0.0764930774981303,0.727358983590816,-0.110440281732933,0.011308503323983,-0.243121802775928,-2.499267966,-3.421671731,-4.186736611,-0.652237958
"36",1985,-0.38925,-0.598333333333333,0.449166666666667,1.0065,-0.393916666666667,2.71359038147783,4.33073334028633,1.29928298413026,0,2.89037175789616,2.30258509299405,4.12713438504509,0.980829253011726,-1.73460105538811,2.66258782702545,-0.315953586463628,-0.572520742754966,-0.483047097862594,0.476816606709707,-0.685063111946662,-0.0200716354100727,0.0779137896899176,-0.0517447758247886,-1.12601126285622,-4.51085950651685,2.63905732961526,-2.4567357728213,2.36712361413162,1.76358859226136,2.77258872223978,2.66258782702545,-2.39789527279837,0.510825623765991,-0.557784487509874,-0.795386719750698,-0.746668480792248,0.128297800143089,-0.81738054963964,-0.261201165218129,-0.653577940943569,-0.882078916598588,0.34682642720287,0.144025769466773,0.02979833736158,0.0446601034683702,0.0507110543368654,-2.215828131,-1.657308208,-2.73872097,0.394933225
"37",1986,0.445583333333333,0.253333333333333,1.23916666666667,-0.817416666666667,-0.73285,-2.35137525716348,-3.78418963391826,1.38629436111989,-1.84582669049833,-1.67397643357167,-1.44691898293633,-3.13549421592915,0.510825623765991,-1.89711998488588,1.94591014905531,-0.0942869523808287,-0.215854177813555,-0.446380545636826,-0.0898500758515297,0.374936989778598,0.155736716963556,0.0994950040639591,0.18005595673581,-3.60186807712431,-5.33753807970132,2.36712361413162,-2.96183072187831,-3.02852209637698,-3.28341434600577,-4.91265488573605,2.15948424935337,-2.53897387105828,-2.92673940206704,0.00129873583302142,-0.205386726108528,-0.156668646095781,-0.0683689173862083,0.435619232922605,-0.219534540460979,-0.446911223016907,-0.732078980176879,0.0434930863692858,0.257358954980586,0.0137377967555725,-0.580595660943693,0.35500570746723,-3.016915628,-1.85487255,-3.444874457,0.82168854
"38",1987,1.66433333333333,1.27666666666667,1.82083333333333,-1.70891666666667,0.429166666666667,2.14982233844164,4.11087386417331,-0.847297860387204,-2.81341071676004,3.77658503453304,2.15948424935337,4.06044301054642,-0.980829253011726,-2.66258782702545,3.67207233579756,0.289046472346287,0.114146063783938,-0.0130471487252262,0.733483267018544,0.321603707307895,0.299050276336947,0.276976305500252,0.311954430630291,-3.28964489575641,-3.68887945411394,0,-4.29955041284964,-2.56494935746154,-3.14988295338125,2.70805020110221,-2.26868354131836,-4.19469253605638,0,0.0255488060870359,-0.235386776971158,-0.446668607948782,0.721631203412542,0.0626194058555445,0.282965452187782,-0.000244598619869585,0.657921045254438,0.0468264500513172,0.427358912065243,-0.103606935230902,-0.50983308712693,-0.0218596384979701,-4.243325557,-2.825597916,-4.998483724,1.002484829
"39",1988,-0.474666666666667,-0.810833333333333,0.531666666666667,1.29225,1.32363333333333,-0.348306694268216,4.17438726989564,-1.38629436111989,-2.42774823594805,2.07944154167984,-1.09861228866811,3.98898404656427,-0.847297860387204,-2.19722457733622,1.29928298413026,0.23437967502624,0.555146207470868,-0.198047568341925,0.661483240315664,-0.0810631793396457,0.130641607866041,0.166256391212647,0.12304048249973,-2.56494935746154,2.94443897916644,-2.03688192726104,-2.96183072187831,2.33537491581704,-2.10006082888257,4.12713438504509,-2.26868354131836,-2.90872089656436,2.53897387105828,-0.321117887600398,-0.0667199373715475,-1.07200207606808,0.299297803957788,-0.44504734091975,-0.240451236167524,-0.281577912253867,-0.257412384717892,-0.0735069085941221,-0.349307739104213,-0.118134588389639,0.0780185465901795,-0.460917030352221,-1.990068832,-2.718119053,-3.32919158,-0.514809249
"40",1989,-0.52475,-0.605,-0.179166666666667,1.26641666666667,0.612241666666667,2.85742760217681,4.70048036579242,0.510825623765991,0.405465108108164,3.3322045101752,2.29421684332353,3.43398720448515,0.980829253011726,1.09861228866811,3.17805383034795,0.0398796062027493,-0.0425205329466154,0.480285714128808,-0.249850082209362,-0.028396674161832,-0.0724792838439292,-0.20640647112484,-0.0240455115998603,2.43507427604012,2.94443897916644,2.26868354131836,2.03688192726104,2.26868354131836,3.02042488614436,4.96284463025991,2.19722457733622,1.38629436111989,3.30810695859614,0.138882230019428,-0.0287198305600311,0.886664725384552,-0.571702168067768,0.26928619332096,0.0562988182167472,0.0730887405249183,0.224587807288535,-0.18317358392333,0.110692308976866,0.154274285142833,0.0710101241297494,0.301698631822248,-2.557464514,-0.616533922,-2.244355818,1.372445184
"41",1990,0.420666666666667,0.315,-0.355833333333333,0.579416666666667,-0.20155,3.13911085639934,4.75359019110636,1.20397280432594,0.405465108108164,3.83586164446258,2.58399755243223,4.48863636973214,0.980829253011726,0.405465108108164,3.16406758837321,0.0332129856303327,0.597479174593261,0.32361927634394,-0.246516831527799,-0.541729676888069,-0.0157620186420608,-0.0700936882255956,0.0079327108638978,3.03254624667671,4.20469261939097,1.09861228866811,2.15948424935337,4.13782967416184,3.42045519826657,4.97673374242057,-1.29928298413026,2.15948424935337,4.39444915467244,0.0705488426445449,0.417946886969262,0.813331303041585,-0.251702155352108,-0.697380664080557,-0.0762011547624808,0.183088744895924,-0.00874546246650798,-0.259840247013718,-0.219307654465621,0.158182163331247,0.0634030276567596,0.276162101760827,-1.928003954,-2.532623955,-3.154140243,-0.427530903
"42",1991,0.797916666666667,0.646666666666667,-0.419166666666667,-0.542416666666667,-0.498916666666667,2.72457950305342,4.89783979995091,-1.6094379124341,-2.30258509299405,2.03688192726104,2.66838494470978,4.62497281328427,-1.09861228866811,-1.99243016469021,2.39789527279837,-0.329287006422378,-0.675854057014813,-0.356380710940392,-0.533183383753546,0.248270126019241,0.184015649141118,0.204152825906052,0.18207455883512,-1.64222773525709,3.91202300542815,-2.33537491581704,-2.15948424935337,-2.30258509299405,2.04769284336526,4.77068462446567,-2.81341071676004,-2.15948424935337,-0.405465108108164,-0.525284538372496,-0.785386808760301,-0.600001953997783,-0.561702257077368,-0.154047133654533,0.376298830311523,-0.140244600457678,0.917921115190556,-0.339840250192631,1.06735905670585,0.136578504601093,0.26010547387208,-0.0682892994908322,-0.943545331,-1.690308786,-1.862416107,-0.528041503
"43",1992,1.30283333333333,0.630833333333333,0.928333333333333,-2.70941666666667,-1.09491666666667,2.9531726591352,4.14313472639153,0.405465108108164,-1.79175946922805,3.87812145375246,2.63308716262875,3.8286413964891,-1.46633706879343,-2.39789527279837,3.83586164446258,-0.0939535836026026,0.188479254701908,-0.284713993411094,0.438150040496738,-0.717729636197963,0.170031305305729,0.118816140410384,0.192703652405038,-1.25276296849537,-4.80402104473326,0.510825623765991,0,3.47609868983527,1.32175583998232,-3.13549421592915,0.847297860387204,0,3.46573590279973,-0.0344512161653636,0.166613332383486,-0.332001987058481,0.342631175438092,-0.315047385424553,-0.462951212723029,-0.148244566999604,-0.557412257561315,-0.396840281266518,-0.749307745064678,-0.00272999518605488,-0.150063822393671,-0.0332519837714234,-2.191989728,-2.811100504,-3.53771903,-0.437777428
"44",1993,1.112,0.3125,1.41666666666667,-2.63266666666667,-1.90199166666667,3.40397130854488,5.11799381241676,2.53897387105828,-2.15948424935337,3.89859998509601,3.29891853254174,4.87519732320115,2.51230562397611,-2.19722457733622,3.87120101090789,0.137379632428789,0.547479142804117,0.243619352637907,-0.189850059956959,-0.0517299057699052,0.0268124824296017,-0.0385512624924438,0.0540925633829499,1.65822807660353,4.30406509320417,3.3322045101752,-2.87167962488401,2.03688192726104,3.26766598903763,5.06890420222023,2.96183072187831,-1.89711998488588,3.93182563272433,0.412215541100352,0.694613369258906,0.513331430198152,0.0182978255744022,0.422619539369951,0.267132164998379,0.173088807828497,0.597921102474898,-0.343173570412943,0.640692320103066,0.359736482702962,0.358078661989612,0.525748782660417,-2.779011462,-1.454311907,-2.993411662,0.936704038
"45",1994,0.75275,0.475,-0.151666666666667,-0.51425,-1.21160833333333,0.0870113769896298,3.40119738166216,-0.510825623765991,-1.09861228866811,3.24519313318557,2.33537491581704,3.8286413964891,-0.693147180559945,-1.29928298413026,3.28341434600577,-0.0926203071718339,-0.0158542096027023,0.0936194162162067,0.0201499781900143,-0.468396413490852,0.0516953082152209,0.18409585381011,0.00581299431647508,0.847297860387204,2.39789527279837,-2.07944154167984,-2.42774823594805,3.20545280453606,-2.08980432871538,2.19722457733622,-2.12026353620009,-1.79175946922805,2.73002910782099,0.188048829928894,0.377946766170516,0.596664763531518,0.304964536745872,-0.527380746732329,-0.477034531135334,-0.363577889683574,-0.718745659559199,-0.183173554121008,-0.642641021177555,-0.0240793913802655,0.231588998255454,-0.256555487391106,-2.196844914,-2.097185186,-3.036337802,0.07047007
"46",1995,0.22525,-0.16,0.6425,-1.99983333333333,-1.0392,-2.42774823594805,4.02535169073515,0.405465108108164,-1.89711998488588,-3.95124371858143,-2.31911439494526,3.95124371858143,-1.20397280432594,-1.46633706879343,-3.68051120444342,-0.028453681831051,-0.352520634671873,0.310285955726307,-0.223183520446867,0.151603472068228,-0.000469795535360973,0.169255712223698,-0.0625704712897086,-1.74919985480926,-4.17438726989564,1.09861228866811,-1.94591014905531,-2.484906649788,-2.91325605172975,0,-0.510825623765991,-2.39789527279837,-4.23892579103321,0.00388219981974203,-0.0520532211138178,0.183331506492118,-0.155035501401101,0.0392860153017676,0.031298756997808,-0.0502445968814014,0.521254270504679,-0.456506914872479,0.110692269240436,-1.63759149355218,NA,-1.27620513620476,-1.290157344,-2.188482344,-2.459769713,-0.6352117
"47",1996,-0.298416666666667,-0.46,0.640833333333333,0.0686666666666666,-0.972841666666667,2.26002547857525,3.87120101090789,1.09861228866811,-2.26868354131836,0.847297860387204,0.810930216216329,3.93182563272433,-0.510825623765991,-2.26868354131836,-3.06027079469156,0.261046395734442,0.695146073956461,0.508619378069174,-0.115183400919686,-0.0443964681681797,-0.122495113978159,-0.00160728912241126,-0.163546935094541,2.60884355101876,4.24849524204936,0.405465108108164,-2.79320800944252,3.43398720448515,-0.8754687373539,2.39789527279837,-1.09861228866811,-2.4567357728213,-2.30258509299405,0.102215479111527,0.523280056270615,0.0313313971374516,0.185964419761826,-0.331713956723785,0.139548826740211,0.385088816500971,0.202587812374802,0.0964930882269639,-0.12597441014189,-0.0290470271133962,-0.0667828714040315,0.0403906015210769,-3.789623633,-2.082642368,-4.15231911,1.207018028
"48",1997,1.55325,1.17083333333333,1.46083333333333,-1.96391666666667,-0.657691666666667,2.62103882411258,4.00733318523247,-0.510825623765991,-1.09861228866811,3.46573590279973,1.07044141170141,3.46573590279973,-1.20397280432594,0,2.26868354131836,0.799879735743501,0.744145860333401,1.62361946707881,0.00348340689078075,0.828270208671015,0.0754370603599774,0.0395187513637527,0.0930292763212002,-2.058388132482,-3.17805383034795,-1.89711998488588,-2.30258509299405,2.12026353620009,0.980829253011726,1.79175946922805,-0.980829253011726,-0.980829253011726,2.99573227355399,0.827132294869285,0.501280220302616,1.94333141748252,-0.225035355171038,1.08895289686305,0.249632123014356,-0.206911283018918,0.944587756425909,-0.25650692679341,0.517358945443843,-0.388846183786301,-0.385025436533583,-0.475382041559914,-2.396375912,-2.774587989,-3.656423639,-0.267436325
"49",1998,0.901333333333333,-0.0575,0.245833333333333,-1.07433333333333,0.544566666666667,2.53897387105828,2.39789527279837,0.510825623765991,1.84582669049833,3.39002408106403,-0.8754687373539,-3.85014760171006,0,2.07944154167984,2.97892515523761,0.688213016624746,0.890812705019288,0.120285739560074,1.37681670207714,0.364936919842481,0.0476459695914393,0.113276666754388,0.0287196881808605,-2.058388132482,-3.58351893845611,-0.693147180559945,2.63905732961526,3.25809653802148,-3.13549421592915,-4.83628190695148,-1.73460105538811,1.79175946922805,3.43398720448515,0.65879876444326,0.804613343827582,-0.026668849546283,1.55496453674587,0.30228602674587,-0.116201166906928,0.163088731683562,-0.408745557833942,-0.259840217211396,0.040692375734066,0.215465283347136,0.0902331782621211,0.305560522301869,-2.253058258,-1.927243582,-2.955919778,0.230385767
"50",1999,-0.855333333333333,-1.225,-1.06333333333333,1.33241666666667,1.51578333333333,-2.00372971994414,-4.52178857704904,-1.6094379124341,1.09861228866811,2.81341071676004,-2.55851846713125,-4.55387689160054,-1.29928298413026,1.09861228866811,2.33537491581704,-0.0917870739743103,-0.115854114235269,-0.166380812665659,0.213483286092034,-0.298396655088346,0.150546707617611,0.209210883242795,0.134290847852633,-3.26129654075215,-3.46573590279973,-2.07944154167984,-3.59273559356103,-3.48635519000246,-3.40949618447685,-4.51085950651685,-3.13549421592915,-3.24519313318557,-2.75153531304195,-0.353617916210633,-0.572053360986048,-0.856668773252348,0.411631260632999,-0.397380791237133,-0.531201245485717,-0.320244557939699,-0.832079043755165,-0.193173584320694,-0.779307795927308,0.100596571805365,0.155647078257392,0.108778146113032,-1.991207651,-1.296617397,-2.324843387,0.491149478
"51",2000,-0.4785,-0.835833333333333,-0.59,0.456666666666667,1.88586666666667,2.85263142991332,4.71849887129509,0,-2.15948424935337,2.99573227355399,2.54553127160443,4.45434729625351,-1.38629436111989,-2.23359222150709,2.63905732961526,0.137713100548091,0.531812816917075,0.151952813127807,0.0581499260558171,-0.191063153908333,0.130561936844703,0.194140644390233,0.112424904358628,-0.287682072451781,3.76120011569356,1.54044504094715,-1.38629436111989,2.484906649788,-1.85889877206568,4.14313472639153,0.847297860387204,-2.90872089656436,0.405465108108164,0.0280488633075002,0.346613478613569,-0.122001948911516,0.019297753095155,-0.131713829567209,0.432048827808127,0.145088784612488,0.729254453610151,-0.240173585194897,1.09402565820477,0.00962060962530131,-0.0255329601933756,0.0479264322097794,-2.631704081,-2.725462058,-3.788088505,-0.066296901
"52",2001,-0.112333333333333,-0.308333333333333,-0.5625,0.320833333333333,2.08068333333333,2.59649771519646,4.33073334028633,-1.29928298413026,0,2.51230562397611,2.54553127160443,4.17438726989564,-1.46633706879343,1.09861228866811,2.30258509299405,0.517296419576305,0.517145941713621,0.656952927568707,0.550150029052647,0.344936779970248,-0.0130211569389278,-0.181556720534408,0.0453954296625945,-3.3815614071453,-5.14166355650266,-3.64631983969514,-3.3787245258101,0.510825623765991,-3.13186444787857,-4.65396035015752,-3.20545280453606,-3.36729582998647,0.847297860387204,-0.0369512336493987,-0.345386751539841,0.00333151920775165,0.601631158907739,-0.407380861173246,0.157132129272845,0.226422084090383,-0.162078967461218,1.00015981298829,-0.435974412526077,0.0768977223754188,0.116935202661692,0.0422259596611134,-3.37416212,-0.646474608,-2.843019496,1.928766337
"53",2002,0.647,0.630833333333333,0.220833333333333,-0.393166666666667,1.47359166666667,3.15344801954575,4.7361984483945,1.09861228866811,0.980829253011726,3.41224721784874,3.18841661738349,4.64439089914137,0.847297860387204,0.510825623765991,3.60186807712431,0.496546493009231,0.247479428906411,0.493619670529341,0.316816600351877,0.928270272249298,0.0953519598193218,-0.231770202001526,0.194302807189706,1.38629436111989,4.06044301054642,0,0.510825623765991,-3.47609868983527,2.15948424935337,4.62497281328427,0.980829253011726,1.09861228866811,-2.6149597780362,0.151382237966711,-0.388719964074427,-0.150001826841216,0.0749645176723854,1.0692862251101,0.957882208527156,0.776422066208988,1.87125465197442,-0.456506934740694,1.64035905066591,0.0843565225305323,0.144651065111072,-0.0215146919612632,-2.329676019,-1.802331269,-2.921770373,0.372889049
"54",2003,0.5075,0.250833333333333,0.969166666666667,-0.993916666666667,0.958508333333333,2.85263142991332,4.34380542185368,-1.94591014905531,-0.510825623765991,3.62877553004423,2.40544247843375,4.06044301054642,-2.07944154167984,-0.980829253011726,3.25809653802148,0.935713118350013,0.964146127362224,0.92361933992224,1.34348340053295,0.511603605582634,-0.0818064645871726,-0.130678661106373,-0.0599055305150262,-1.67397643357167,-4.71849887129509,-2.51230562397611,0,2.70805020110221,1.90954250488444,-3.09104245335832,-2.4567357728213,-1.73460105538811,3.74557479779048,0.793048849002375,0.687946867895779,0.526664750815851,1.35163115890774,0.60595261839013,1.00538227684898,0.902755561190121,1.74458810610648,0.113493115227868,1.26069232487144,0.127866496373015,-0.0188900080888104,0.125739153082446,-3.41436312,-2.707069678,-4.328506642,0.500131989
"55",2004,0.46775,0.446666666666667,0.345,0.63375,0.209458333333333,2.57768838323897,0,0.405465108108164,-1.20397280432594,3.63758615972639,1.81915844341617,-3.91202300542815,-1.29928298413026,-1.67397643357167,3.56482680544396,0.682713057632745,0.848479261059734,1.71861941621617,0.18481663086946,-0.0210630776143859,0.0465610612793004,0.010396394533025,0.0642359169108904,2.00372971994414,3.29583686600433,1.09861228866811,-0.405465108108164,3.78418963391826,2.9041650800285,4.63472898822964,0.847297860387204,0.405465108108164,3.91202300542815,0.863882214124857,0.906613262447386,1.81799826725465,0.495964521487085,0.234952805310307,0.982048893124888,0.975088862297205,2.17925458076674,0.106493088624328,0.667359040811276,-0.0502109278447023,0.194411050279555,-0.414555151140732,-2.167871015,-1.392676128,-2.51768703,0.548145562
"56",2005,0.361833333333333,0.0433333333333333,0.375,-0.232416666666667,-1.38060833333333,-2.39789527279837,4.23410650459726,0.510825623765991,-2.89037175789616,-3.93182563272433,-2.38262780066758,2.83321334405622,-0.405465108108164,-2.59026716544583,-3.73766961828337,1.01562967502624,1.67714594807144,1.73028603202024,0.34348324158723,0.311603478426058,0.113568830654319,-0.0203276205747986,0.161993537404356,-0.949080554697146,4.21950770517611,0.287682072451781,-0.405465108108164,-3.85014760171006,-0.287682072451781,4.89034912822175,1.38629436111989,-1.6094379124341,-3.84303013394119,0.961382260219109,1.55128041103746,1.39333154463908,0.604964409589295,0.2959526756106,0.449632190566289,0.253088774996271,1.50125460746962,0.213493121685038,-0.169307741885766,0.113723181015855,0.320432748448468,-0.0276841698284773,-1.748135045,-0.878425763,-1.857258959,0.614977331
"57",2006,0.33975,0.100833333333333,0.190833333333333,0.522583333333333,-0.553866666666667,-2.75153531304195,-2.77258872223978,1.20397280432594,-2.42774823594805,-4.03718614838215,-2.65089178726226,-3.68887945411394,0.693147180559945,-1.6094379124341,-3.89182029811063,0.111546303863828,0.270812660514484,-0.159714311302526,0.403483343312494,-0.0683964770691388,-0.0618145997554969,-0.110158813506748,-0.0400878339203512,-1.04145387482816,3.43398720448515,-1.20397280432594,-2.70805020110221,-3.23212105161822,-0.538996500732687,3.95124371858143,0.980829253011726,-2.56494935746154,-3.25809653802148,0.241382191872454,0.324613483699822,-0.0200020302917494,0.624964549461529,0.0359527646202142,-0.0120345151414214,-0.320244617544342,0.0112545184600048,-0.243173586307515,0.504025624826166,0.0663637535879076,-0.0695399381295054,0.215318710017447,0.064072677,-2.359844906,-1.623356111,-1.71396856
"58",2007,-0.297583333333333,-0.581666666666667,-0.195833333333333,NA,0.593258333333333,-2.59026716544583,4.85981240436167,0,-3.3557350075854,-1.79175946922805,-2.60268968544438,4.60517018598809,0,-3.14988295338125,0.980829253011726,0.117379671370493,0.0541459620586773,0.53361931449094,-0.123183377395719,0.00493678632807448,0.0994117036197029,-0.028500702520299,0.146064541150515,-0.154150679827258,3.63758615972639,0.693147180559945,-3.54577861047326,3.36729582998647,0.882389180198474,4.91998092582813,1.67397643357167,-3.43398720448515,3.43398720448515,-0.0227846003613283,-0.125386643456747,0.33999794427695,0.0516311271185916,-0.357380829384105,0.0696321282794332,-0.400244571052718,0.584587781857222,-0.0965068906332567,0.190692192946486,-0.0537516641227036,-0.301475239655739,0.08456982434876,-0.890703679,-2.127275216,-2.134033342,-0.874388119
"59",2008,-0.640333333333333,-0.755,-1.2925,NA,1.454975,-2.53897387105828,4.64439089914137,-2.39789527279837,-0.287682072451781,1.09861228866811,-2.54553127160443,4.30406509320417,-2.19722457733622,0.287682072451781,-1.54044504094715,-0.308120304310818,-0.361520777087239,-0.344713777244927,-0.208516804189136,-0.317729858721969,0.101907467476893,0.215623440378382,0.0638252091619584,0.559615787935423,4.0943445622221,-2.07944154167984,0.510825623765991,3.28341434600577,0.949080554697146,4.78749174278205,-1.46633706879343,1.29928298413026,3.25809653802148,-0.676951139871413,-0.763386495955127,-0.918668730019082,-0.447368786414935,-0.578380547096506,-0.322951157489392,-0.53157793212208,-0.0307454573802444,-0.376840260603576,-0.352640979851666,-0.0454682576649521,0.0130258772632548,-0.301390710899902,-0.72700592,-2.111822729,-2.007354988,-0.979213356
"60",2009,0.394,0.306666666666667,-0.6125,NA,0.736275,2.60884355101876,3.95124371858143,-1.73460105538811,-0.287682072451781,3.58351893845611,2.52572864430826,3.13549421592915,-1.79175946922805,0,3.67207233579756,-0.276870363915461,-0.0395205914386425,-0.409714311302526,-0.699850209365936,0.0416036564452611,-0.0350127984672799,-0.186772807139535,0.0186204390503306,1.01160091167848,-1.94591014905531,-2.39789527279837,2.33537491581704,-1.6094379124341,2.78295150927533,3.95124371858143,-1.09861228866811,2.19722457733622,3.49650756146648,-0.276951123976849,0.154613407405868,-0.286668442645249,-0.665035571337214,-0.310713889330799,-0.103701188761964,-0.250244604828684,0.171254524817835,-0.486506945866895,0.150692270829889,-0.0444044116752362,0.300739725137905,-0.463954374120203,-0.813792224,-1.730340123,-1.798973235,-0.648097234
"61",2010,-0.343166666666667,-0.453333333333333,-0.3125,NA,1.37013333333333,-1.79175946922805,-4.60517018598809,-1.79175946922805,0.847297860387204,3.23212105161822,1.9339339580086,-2.77258872223978,-0.405465108108164,0.510825623765991,2.87167962488401,0.293962941602369,0.510479281404784,0.0636190474621081,0.430149825602124,0.171603611940461,0.0267241905397828,0.201961055500501,-0.0378459677608625,-3.59043938130068,-5.25227342804663,2.66258782702545,-1.94591014905531,-1.29928298413026,-2.59026716544583,-4.62497281328427,0.847297860387204,-1.94591014905531,3.10608033072286,0.326382110810137,0.631280016852069,-0.190002106585682,0.591631247917339,0.272619285056823,-0.082034522890027,-0.186911232553651,0.554587889940308,-0.499840286352785,-0.195974462593981,-0.121387669565365,-0.400892592160666,0.0311629401040321,-1.307231831,-1.749406261,-2.161369522,-0.312664538
"62",2011,-0.893,-0.834166666666667,-1.23083333333333,NA,0.85725,3.46312833939265,5.03043792139244,-3.04452243772342,-0.405465108108164,4.28588277412098,3.25488626239123,4.70953020131233,-2.26868354131836,1.29928298413026,4.05467930582967,0.124046391283978,0.570812851249348,-0.0630473394600592,0.243483178008944,-0.255063124662319,-0.0638691788107746,-0.366086566386342,0.029235617186405,1.87180217690159,4.02535169073515,-3.49650756146648,0.510825623765991,3.25809653802148,3.48635519000246,5.15905529921453,-3.3322045101752,1.67397643357167,4.17438726989564,0.19304886489695,0.754613629929879,-0.210001928566482,0.388297870079208,-0.160714111854805,-0.252034539579327,-0.026911226195824,-0.668745627770059,-0.193173584320696,-0.11930772003073,-0.0527857553902944,-0.140540488820001,-0.0122458305464832,-0.320917017,-0.853005631,-0.830088665,-0.376243467
"63",2012,0.169,-0.126666666666667,-1.1,NA,1.47686666666667,2.63308716262875,4.93447393313069,-2.39789527279837,-0.693147180559945,-2.66258782702545,2.14982233844164,4.20469261939097,0,-0.405465108108164,-3.13549421592915,-0.378120396499328,0.0551457306337113,-0.444714158714627,-0.685183413635346,-0.437729744281053,NA,NA,NA,-1.9339339580086,-2.99573227355399,-1.20397280432594,-3.3787245258101,3.24519313318557,2.49182709263257,4.77912349311153,-2.59026716544583,-2.90872089656436,3.51650822817315,-0.14611785581126,0.116613459540072,-0.25200206335245,-0.337368811846248,-0.111714007586416,-0.822117893558218,-0.92157793768518,-0.594078968732785,-0.683506912965131,-1.08930775484978,0.311291056842347,0.328767363996279,0.393845540783493,NA,NA,NA,NA
"64",2013,-0.076,-0.294166666666667,-0.5175,NA,0.343816666666667,3.50405476710186,4.95582705760126,-1.79175946922805,-1.20397280432594,4.08317126162398,3.32922388203707,4.63472898822964,0.405465108108164,-1.79175946922805,3.93182563272433,0.212296412423757,-0.19285401696049,0.636952787696508,0.0234833878172944,0.381603491141714,NA,NA,NA,2.86695148368807,2.484906649788,0.847297860387204,1.94591014905531,4.16924587039522,3.5288085062548,4.89034912822175,-2.53897387105828,1.79175946922805,4.51451581771996,0.501298815305892,0.227946670803095,1.29666457279665,0.151631190696882,0.32895282692694,-0.107867866356148,-0.51691129533721,0.0879210325387776,-0.619840291121154,0.617359088494993,0.10434336212548,-0.0857973730847412,0.149757560879065,NA,NA,NA,NA
"65",2014,0.498416666666667,0.144166666666667,1.13083333333333,NA,-0.249166666666667,3.08724738238976,4.96284463025991,-2.33537491581704,-1.38629436111989,3.63758615972639,2.8233610476132,4.66343909411207,-1.46633706879343,-0.980829253011726,3.25809653802148,1.11237969600707,1.19747923817155,1.50695299114701,0.500149838317781,1.24493671639196,NA,NA,NA,1.64222773525709,1.6094379124341,0,-1.6094379124341,3.14988295338125,3.18152003832443,4.69134788222914,-2.12026353620009,-0.287682072451781,3.98279207631635,1.09546561071859,1.07461348369981,1.31999812229615,0.621631298779972,1.3656195380984,1.25046550646526,0.823088797646036,2.58458778185723,0.340159781795193,1.2540256645626,-0.0198741085116687,0.000719621513969315,-0.202560980172853,NA,NA,NA,NA
"66",2015,1.62308333333333,1.48833333333333,1.63416666666667,NA,-1.39453333333333,3.06416943510722,4.61512051684126,-1.09861228866811,-2.07944154167984,3.76892216178747,2.8233610476132,4.07753744390572,0,-1.09861228866811,3.56482680544396,1.1423797468697,1.42747925724503,0.916952838559107,1.46681653677359,0.75827035490107,NA,NA,NA,1.96944064646551,-3.97029191355212,0.847297860387204,0.405465108108164,3.67207233579756,2.86695148368807,4.21950770517611,-0.287682072451781,-1.99243016469021,3.83586164446258,1.43221548229044,1.9246133883324,1.05333139205118,1.72163120341254,1.02928594536564,0.959632253051822,1.01308875552542,1.0912547600575,0.806826465349843,0.927359031274533,-0.00596899891059088,-0.243451205602017,0.168565388699207,NA,NA,NA,NA
"67",2016,0.912083333333333,0.3625,1.5425,NA,-0.1857,-1.09861228866811,3.97029191355212,-1.20397280432594,-2.51230562397611,2.92673940206704,1.09861228866811,3.36729582998647,0.693147180559945,-2.26868354131836,2.56494935746154,1.7202130814746,2.25514585779027,1.74195264782424,1.66815005957022,1.21560376071367,NA,NA,NA,-3.0122615755052,-4.96284463025991,2.26868354131836,-1.73460105538811,2.77258872223978,-2.41293315016291,-3.36729582998647,1.29928298413026,-2.63905732961526,2.90872089656436,1.55804891417012,1.73661366299058,1.51799807651978,1.45263115000678,1.52495276716335,1.60288226147594,1.47175553710984,2.68258799039399,0.566493126771301,1.69069239162864,0.234063466965598,0.168093099422659,0.34038312403966,NA,NA,NA,NA
"68",2017,0.13425,-0.175833333333333,NA,NA,-0.862591666666667,2.65089178726226,5.06259503302697,-2.36712361413162,-2.53897387105828,3.52636052461616,2.2512917986065,4.75359019110636,-1.38629436111989,-2.19722457733622,3.32022831912849,0.715712970530491,0.924145847617754,0.760285764991407,0.783483298807687,0.39493697070511,NA,NA,NA,2.97892515523761,4.21950770517611,-1.29928298413026,-2.26868354131836,3.89182029811063,3.23867845216438,5.09375020080676,-1.79175946922805,-2.26868354131836,3.81404259706794,0.588882237966722,0.724613579067269,0.473331468345151,0.894964530388045,0.262619374066421,0.719632156591639,0.879755420205264,1.21125448667086,0.466826451839457,0.320692267650976,-0.051076444457717,-0.47638643538111,0.190007880424568,NA,NA,NA,NA
"69",2018,0.185583333333333,0.0333333333333333,NA,NA,-1.90631666666667,2.91325605172975,3.63758615972639,1.84582669049833,-2.33537491581704,3.2188758248682,3.00403107636869,2.63905732961526,2.12026353620009,1.09861228866811,3.48635519000246,0.743629719848943,0.729145993847818,0.510286082882873,0.59014983195995,1.14493697070513,NA,NA,NA,2.42774823594805,-3.8286413964891,3.19184715248028,0,1.09861228866811,2.9704144655697,2.56494935746154,2.90872089656436,-2.07944154167984,2.6149597780362,0.915882180428362,0.792946728023556,0.893331544639084,0.371631139834252,1.60561930921656,1.46546558330558,1.12308886917161,1.96458789629814,0.560159785570154,2.21402578218243,0.0109403636674195,0.24784652352777,-0.105661343014942,NA,NA,NA,NA
