"","Year","Col.Dis.An","UpInAn.45.Winter","UpInAn.45.Spring","UpInAn.45.Summer","UpInAn.45.Autumn","UpInAn.45.Annual","TUMI.45","LUSI.45","MEI","ONI","PDO","WA.SST.Wi","WA.SST.Su","WA.SST.Sp","WA.SST.Au","WA.SST.An","Col.Dis.low","Col.Dis.high","NOI","Fras.Dis.high","Fras.Dis.low","Fras.Dis.an","Dis.Total","NPGO"
"1",1879,0.266292395715523,NA,NA,NA,NA,NA,NA,NA,NA,NA,NA,0.639605358507506,-0.186859792976442,0.416096625243428,-0.458676357005972,0.102541458442129,0.340486508438838,0.393471611639891,NA,NA,NA,NA,NA,NA
"2",1880,0.359078691901058,NA,NA,NA,NA,NA,NA,NA,NA,NA,NA,-0.710394387179344,-0.544193294156477,-0.707236669942956,-0.249010104869688,-0.552708614037117,0.621657535657945,0.306254100496094,NA,NA,NA,NA,NA,NA
"3",1881,0.302786559594217,NA,NA,NA,NA,NA,NA,NA,NA,NA,NA,0.376272355781269,-0.0701933170446765,0.432430205260495,-0.872343082164649,-0.0334584595418903,0.253963861182973,0.386720283434878,NA,NA,NA,NA,NA,NA
"4",1882,0.223845165875979,NA,NA,NA,NA,NA,NA,NA,NA,NA,NA,-1.00706100934121,-0.673526790250209,-0.910570206726803,-0.452010173534289,-0.760792044963129,0.309222191814532,0.369714712672481,NA,NA,NA,NA,NA,NA
"5",1883,0.0932439750282406,NA,NA,NA,NA,NA,NA,NA,NA,NA,NA,-0.40039428545408,0.243139876416457,-0.0272370005500449,-0.155343074535246,-0.0849586210307294,0.0860068950531385,0.206913785217322,NA,NA,NA,NA,NA,NA
"6",1884,0.18173753189193,NA,NA,NA,NA,NA,NA,NA,NA,NA,NA,-0.363727574282613,-0.0908600752640432,0.289429920429779,-0.019009926850508,-0.0460419139918464,0.368461639277335,0.30776919189074,NA,NA,NA,NA,NA,NA
"7",1885,0.132259180109191,NA,NA,NA,NA,NA,NA,NA,NA,NA,NA,0.106272215909035,0.246473603935156,-0.0139033620409084,0.987990360523371,0.331708204581663,0.224417189882809,0.153977013531202,NA,NA,NA,NA,NA,NA
"8",1886,0.0845741646441169,NA,NA,NA,NA,NA,NA,NA,NA,NA,NA,0.632938857144387,0.0898068482588901,-0.0372365936490127,-0.205676415497962,0.119958174064076,0.0715290751725242,0.201700147286436,NA,NA,NA,NA,NA,NA
"9",1887,0.359713621493686,NA,NA,NA,NA,NA,NA,NA,NA,NA,NA,-0.490394438041971,-0.996859894701743,-0.190903407817302,-0.622343082164619,-0.57512520568141,0.401274727653348,0.479745253442982,NA,NA,NA,NA,NA,NA
"10",1888,0.0666369483128904,NA,NA,NA,NA,NA,NA,NA,NA,NA,NA,-0.513727828595764,0.19914020448039,0.422763444497974,0.560989996855538,0.167291454309535,0.198682802013304,0.144922109189354,NA,NA,NA,NA,NA,NA
"11",1889,-0.364477476527917,NA,NA,NA,NA,NA,NA,NA,NA,NA,NA,0.98293860283124,-0.0868600472896102,0.379430073017661,-0.078676560456449,0.299208017025711,-0.14074250859065,-0.313594856875184,NA,NA,NA,NA,NA,NA
"12",1890,0.0530355452028424,NA,NA,NA,NA,NA,NA,NA,NA,NA,NA,-0.530394717786441,-0.520193444201244,-0.373903336609596,-0.422009804780188,-0.461625325844368,0.0528167976140939,0.252568083214459,NA,NA,NA,NA,NA,NA
"13",1891,-0.0909560106642591,NA,NA,NA,NA,NA,NA,NA,NA,NA,NA,-0.230394685997293,0.0831400290043565,0.122762935871652,-0.149009723399999,-0.0433753611303214,0.101832976023386,-0.0269515913729457,NA,NA,NA,NA,NA,NA
"14",1892,0.0598741413862545,NA,NA,NA,NA,NA,NA,NA,NA,NA,NA,-0.473727707797021,-1.20086004983271,-0.693903349325275,-0.535676339204025,-0.726041861539759,0.193541402512885,0.0750178805213562,NA,NA,NA,NA,NA,NA
"15",1893,0.211342142191155,NA,NA,NA,NA,NA,NA,NA,NA,NA,NA,-0.4670612064339,-0.78019335519161,-0.773903590922762,-0.935343125397855,-0.739125319486533,0.351183770165893,0.270179021190266,NA,NA,NA,NA,NA,NA
"16",1894,0.507908476041564,NA,NA,NA,NA,NA,NA,NA,NA,NA,NA,-1.39372794303668,-0.853526777534576,-0.957236352051488,-1.32901002857577,-1.13337527529963,0.410480176940212,0.725063133069508,NA,NA,NA,NA,NA,NA
"17",1895,-0.0204780793132162,NA,NA,NA,NA,NA,NA,NA,NA,NA,NA,-0.797061130139954,-1.29019326618201,-0.907236797099515,-0.408676484162521,-0.850791919396,0.116322596199405,0.017374279667802,NA,NA,NA,NA,NA,NA
"18",1896,0.251605447077985,NA,NA,NA,NA,NA,NA,NA,NA,NA,NA,0.059605434801453,0.185806565971324,-0.190569939698005,-0.0856768478303085,-0.0077086966888853,0.270665501501107,0.20045901237534,NA,NA,NA,NA,NA,NA
"19",1897,0.256460390697136,NA,NA,NA,NA,NA,NA,NA,NA,NA,NA,-0.00372807655108609,-0.643526421496111,-0.00723686067780527,-0.325343150829191,-0.244958627388549,0.147097067208403,0.463921282470453,NA,NA,NA,NA,NA,NA
"20",1898,0.175445339246037,NA,NA,NA,NA,NA,NA,NA,NA,NA,NA,-0.173727834953594,-0.076859818407776,-0.0339031840217121,-0.355343201691834,-0.15995850976873,0.218317826862094,0.282512675316479,NA,NA,NA,NA,NA,NA
"21",1899,0.289676544119963,NA,NA,NA,NA,NA,NA,NA,NA,NA,NA,-0.470394616061178,-0.106859869270377,-0.603903514628826,-0.0890099395661821,-0.317541984881641,0.511838920243614,0.210872096230721,NA,NA,NA,NA,NA,NA
"22",1900,0.166040348389785,NA,NA,NA,NA,NA,NA,NA,NA,NA,0.454166666666667,0.366272126899434,0.0698067083866896,0.232763228331775,-0.0690097996939159,0.149958065980995,0.128315359863185,0.205943810272439,NA,NA,NA,NA,NA,NA
"23",1901,0.114229612310261,NA,NA,NA,NA,NA,NA,NA,NA,NA,-0.129166666666667,-0.217061524325336,-0.756860123583543,-0.44723675895256,0.0746567855925324,-0.336625405317227,0.130330750798201,0.184723327831373,NA,NA,NA,NA,NA,NA
"24",1902,0.0533159357121864,NA,NA,NA,NA,NA,NA,NA,NA,NA,0.7675,0.129605447517106,-0.13352682839721,-0.333903374756582,-0.108676611319082,-0.111625341738941,0.137080137966892,0.117351202242155,NA,NA,NA,NA,NA,NA
"25",1903,0.184554104141149,NA,NA,NA,NA,NA,NA,NA,NA,NA,0.163333333333333,-0.253727758659647,-0.896859831123443,-0.427236619080311,-0.358676293427685,-0.484125125572772,0.302503671485537,0.248349023711585,NA,NA,NA,NA,NA,NA
"26",1904,0.198137051681918,NA,NA,NA,NA,NA,NA,NA,NA,NA,-0.2525,-0.240394438041971,-0.620860126126678,-0.650569977844954,0.284323673511626,-0.306875217125494,0.0602554387765739,0.419958924910611,NA,NA,NA,NA,NA,NA
"27",1905,-0.275021067225799,NA,NA,NA,NA,NA,NA,NA,NA,NA,0.641666666666667,0.379605447517113,0.209806415926524,0.00276368609546118,-0.243676522309512,0.0871247568073965,-0.0266265545031761,-0.285226234208812,NA,NA,NA,NA,NA,NA
"28",1906,-0.121396349187405,NA,NA,NA,NA,NA,NA,NA,NA,NA,0.485833333333333,0.379605447517109,-0.166859970995644,0.129429755126244,-0.182010033662038,0.0400412994964174,-0.0234196247924956,-0.101847950288327,NA,NA,NA,NA,NA,NA
"29",1907,0.18628487487765,NA,NA,NA,NA,NA,NA,NA,NA,NA,0.118333333333333,-0.537061060203836,-0.550193495063843,-0.0942367538662587,-0.0086765477407873,-0.297541964218683,0.280695953674138,0.215863568567096,NA,NA,NA,NA,NA,NA
"30",1908,0.0368096421177881,NA,NA,NA,NA,NA,NA,NA,NA,NA,0.378333333333333,-0.197061384453104,-0.904193268725177,-1.01056995241364,-0.815676390066642,-0.731875248914641,0.0790470896723772,0.142669010226445,NA,NA,NA,NA,NA,NA
"31",1909,0.0671314273390369,NA,NA,NA,NA,NA,NA,NA,NA,NA,-0.116666666666667,-0.867061142855611,-0.820193317044643,-1.15390338747225,-1.05534301095695,-0.974125214582363,0.119796832467591,0.0536734377242087,NA,NA,NA,NA,NA,NA
"32",1910,0.117879942998037,NA,NA,NA,NA,NA,NA,NA,NA,NA,-0.0758333333333333,-1.10706123186521,-1.34352686654418,-1.02723700055003,-0.755343138113515,-1.05829205926823,-0.0755853669570126,0.272410334871703,NA,NA,NA,NA,NA,NA
"33",1911,-0.0407627317426762,NA,NA,NA,NA,NA,NA,NA,NA,NA,-0.156666666666667,-1.55372794939451,-1.03352644692748,-1.38390324760002,-0.888676662181743,-1.21495857652594,0.0209404880542383,0.0427240462337721,NA,NA,NA,NA,NA,NA
"34",1912,-0.00351045950019113,NA,NA,NA,NA,NA,NA,NA,NA,NA,0.1525,-0.403727695081361,-0.980860100695375,-0.613903425619238,-1.20901014301668,-0.801875341103164,0.0352836461147792,0.153791139924719,NA,NA,NA,NA,NA,NA
"35",1913,0.146670628021015,NA,NA,NA,NA,NA,NA,NA,NA,NA,0.574166666666667,-1.24372784766925,-0.560193088162842,-0.903903387472239,-0.582009970083732,-0.822458573347015,0.183829445308316,0.341843371427659,NA,-0.0372626300995691,0.154321689903028,0.0418789089395837,0.185948670252495,NA
"36",1914,0.0110848212122807,NA,NA,NA,NA,NA,NA,NA,NA,NA,0.16,0.196272368496926,-0.666859970995644,-0.0839036926480183,-0.109009761546956,-0.165875264173422,-0.00751119098713282,0.0957192567250331,NA,0.116593519462574,0.0278043259777814,0.0785468153381874,0.0528807805435481,NA
"37",1915,-0.278424481011944,NA,NA,NA,NA,NA,NA,NA,NA,NA,0.1775,0.259605561958029,-0.113526688524944,0.329429882282795,-0.219009736115652,0.0641247549000568,0.00286025927000644,-0.296389815169869,NA,-0.161522055096647,-0.181861533171947,-0.172714420909235,-0.235754659901293,NA
"38",1916,0.250019099788574,NA,NA,NA,NA,NA,NA,NA,NA,NA,-0.509166666666667,-0.753727917605367,-0.49419342131301,-0.560569825257085,-1.2490101048697,-0.76437531726129,0.294963761429836,0.255007006251773,NA,-0.0500378215882922,-0.0960078077358606,-0.0714164990508994,0.286721136710272,NA
"39",1917,0.130455838134786,NA,NA,NA,NA,NA,NA,NA,NA,NA,-0.425,-1.56706127001219,-0.17019306273151,-0.890570066854545,-0.302343387340429,-0.732541946734669,0.10980488225124,0.28365609262498,NA,0.0100436663322885,0.00373405007672822,0.00449392364050105,0.169478257022284,NA
"40",1918,0.0746025897305369,NA,NA,NA,NA,NA,NA,NA,NA,NA,-0.135833333333333,-0.2703944889046,-0.220193571357809,-0.390570066854572,0.0846566965829183,-0.199125357633516,0.0553353796511242,0.106106415280024,NA,0.150433053711339,0.0933069315543946,0.124669661160839,0.116086294573989,NA
"41",1919,-0.109713603187622,NA,NA,NA,NA,NA,NA,NA,NA,NA,-0.100833333333333,-0.187061155571271,-0.70685993284871,-0.370569926982332,-1.07867656045646,-0.585791893964693,-0.0873197699084791,0.0327030855494428,NA,-0.0170707723581032,-0.0253231214728249,-0.0234046801208212,-0.0675185211443026,NA
"42",1920,-0.101393478712623,NA,NA,NA,NA,NA,NA,NA,NA,NA,-0.906666666666667,-0.30372794939451,-0.587526665636776,-0.493903540060145,-0.572342891429772,-0.489375261630302,0.196329608072547,-0.23175106578516,NA,0.124792374941745,0.291034195319192,0.19255144270762,-0.0556341013328101,NA
"43",1921,0.199624341142016,NA,NA,NA,NA,NA,NA,NA,NA,NA,-0.0975,-0.5837276823657,-0.643526739387577,-0.500569723531815,-0.318676331574634,-0.511625119214932,-0.017779061746559,0.36543655100793,NA,0.177053969116768,0.178722640966134,0.174734116263576,0.23993555847747,NA
"44",1922,-0.0521016901549078,NA,NA,NA,NA,NA,NA,NA,NA,NA,-0.196666666666667,-0.96706104748818,-0.350193050015843,-1.04390341290354,-0.325676618948478,-0.671708532339011,-0.0451050768812529,0.150998881967556,NA,-0.0370456632946397,-0.0100306333943685,-0.0290024810681597,-0.0109082759452868,NA
"45",1923,-0.0380875875351787,NA,NA,NA,NA,NA,NA,NA,NA,NA,0.4825,-1.06372770143919,0.64647354035689,-0.343903285746991,0.177990258798111,-0.145791797007796,-0.00914066912633515,0.0845260340223373,NA,0.0311876183342932,-0.14787416931456,-0.0405833306839956,0.00272560311001335,NA
"46",1924,-0.304702805118943,NA,NA,NA,NA,NA,NA,NA,NA,NA,0.136666666666667,-0.270394806796041,-0.514193243293843,-0.523903590922746,-0.612343489065674,-0.480208782519577,-0.21621770544545,-0.281915687824339,NA,-0.0205857144655468,0.0490487629288001,0.00523391072449542,-0.258424298133933,NA
"47",1925,0.0757786913183605,NA,NA,NA,NA,NA,NA,NA,NA,NA,0.190833333333333,-0.573727930321024,-0.0235265359370764,-0.0105699524136575,0.281323414112205,-0.0816252511398883,-0.0720217013125293,0.271088675997669,NA,0.0987610431670181,-0.129121143632304,0.00953962243570672,0.11562001670938,NA
"48",1926,-0.400232973633022,NA,NA,NA,NA,NA,NA,NA,NA,NA,1.16,1.30293893343834,0.46980664480839,1.10276343178236,0.877990068063237,0.938374769523081,-0.294948195431315,-0.488350918632531,NA,-0.165831079923457,-0.196495488869513,-0.181145799900186,-0.355516685081623,NA
"49",1927,0.190652431335716,NA,NA,NA,NA,NA,NA,NA,NA,NA,0.140833333333333,0.406272088752463,-0.156860060005275,-0.293903412903532,-0.282010097240322,-0.0816253703491672,0.269013809136316,0.151278458876325,NA,-0.0917759865803269,0.0557411571512105,-0.032325061678236,0.228471262766723,NA
"50",1928,0.0981744756838072,NA,NA,NA,NA,NA,NA,NA,NA,NA,0.155833333333333,0.00627247022218569,-0.277526563911543,0.176096854125255,-0.279009837840922,-0.0935417693512566,-0.0532362045926487,0.265867597547983,NA,0.105838213541103,-0.231336926540559,-0.0204909805139408,0.13731781821677,NA
"51",1929,-0.362821030674906,NA,NA,NA,NA,NA,NA,NA,NA,NA,0.400833333333333,-0.67372783495359,0.433140092582622,-0.303903641785414,0.0279900044849359,-0.129125344917862,-0.244104821965061,-0.271053783120701,NA,-0.329984323101023,-0.317023003717559,-0.327706275360518,-0.321121715941924,NA
"52",1930,-0.345538218374767,NA,NA,NA,NA,NA,NA,NA,NA,NA,-0.104166666666667,-0.353727822237934,0.219806962699824,-0.000570041423255674,0.274656594857671,0.0350414234740768,-0.161753786803242,-0.288113905866009,NA,-0.123554252760552,-0.157070252156737,-0.140003001228113,-0.301124468814914,NA
"53",1931,-0.427785539836288,NA,NA,NA,NA,NA,NA,NA,NA,NA,0.738333333333333,0.956272279487322,0.056473705660423,0.472763317341395,-0.409009634390396,0.269124917024685,-0.256625909552056,-0.348304844986814,NA,-0.135452073063739,-0.120696201281888,-0.132440521771295,-0.381632076796057,NA
"54",1932,0.027433671799221,NA,NA,NA,NA,NA,NA,NA,NA,NA,-0.0208333333333333,-0.620394552482891,-0.0075264240393107,-0.0939032857470021,0.0343233556202254,-0.171875226662245,-0.0738440380519005,0.227759684197286,NA,0.0397627024050635,0.0444399541562888,0.0386648117735291,0.0683911714348469,NA
"55",1933,0.130888307976754,NA,NA,NA,NA,NA,NA,NA,NA,NA,-0.68,-0.68706115557127,-1.01352694283811,-0.637236975118713,-0.762343107595939,-0.775042045281008,0.14963619470873,0.160183898065002,NA,0.149983312305062,0.266438988023735,0.19584280776702,0.172559271719079,NA
"56",1934,0.055615567596675,NA,NA,NA,NA,NA,NA,NA,NA,NA,1.1825,0.25293906059491,0.43980691183719,0.979429818704528,0.554323495492438,0.556624821657266,-0.16387018970962,0.174761282031691,NA,0.102069956609165,0.218441321584327,0.147892883497308,0.0977659111559674,NA
"57",1935,-0.123208989555717,NA,NA,NA,NA,NA,NA,NA,NA,NA,0.798333333333333,0.0629388444287322,-0.0801932280350428,0.0394299204297646,-0.142009753917584,-0.0299585542735326,-0.0167978765553372,-0.0555298055058788,NA,0.00188714138651136,0.0372282075419577,0.0133684042016569,-0.0801941174405965,NA
"58",1936,-0.168184027584719,NA,NA,NA,NA,NA,NA,NA,NA,NA,1.73083333333333,0.416272317634297,1.13580669312786,1.00609677783133,0.387656828825754,0.736458154354809,-0.227835715292693,0.126849043103956,NA,0.0362406861856854,-0.0394965247373964,0.0032285109008523,-0.12454700152608,NA
"59",1937,-0.31736681393865,NA,NA,NA,NA,NA,NA,NA,NA,NA,0.324166666666667,-0.680394336316711,0.793140067151324,0.202763177469169,0.857656777963172,0.293291421566737,-0.20425345505368,-0.261152712137989,NA,-0.115895894269872,-0.0966830842028141,-0.111059250602626,-0.272968672647742,NA
"60",1938,0.00779606724111659,NA,NA,NA,NA,NA,NA,NA,NA,NA,0.155,0.166272317634297,0.423140181592224,0.0560966506747587,0.571323693856691,0.304208210939493,-0.129821264958732,0.209466491149961,NA,-0.254807259521201,-0.303432997363444,-0.277232424850894,0.0450733152949656,NA
"61",1939,-0.215883318870929,NA,NA,NA,NA,NA,NA,NA,NA,NA,0.065,-0.427061085635152,0.279806746533623,0.092763520791916,0.457656841541406,0.100791505807948,-0.185190179851629,-0.0975365663644858,NA,0.0245802245372122,0.0898094461760817,0.0485419479382365,-0.170553613774832,NA
"62",1940,-0.211439693088886,NA,NA,NA,NA,NA,NA,NA,NA,NA,1.76916666666667,1.25627215233074,0.972473118197023,1.06609687955656,1.23432348277677,1.13229140821527,-0.155644472508664,-0.143385315043171,NA,-0.0610876577748769,-0.0211647850896366,-0.0477072517519481,-0.16788491451217,NA
"63",1941,-0.273058739736088,NA,NA,NA,NA,NA,NA,NA,NA,NA,1.99416666666667,1.78293911145754,1.24647328604372,1.4594299967237,0.737656892404038,1.30662482165725,-0.0430621752514515,-0.377915859893626,NA,-0.281457282206361,0.144418657891835,-0.0895154770542614,-0.229101682098943,NA
"64",1942,-0.108045029430725,NA,NA,NA,NA,NA,NA,NA,NA,NA,0.465833333333333,1.21293878085044,0.186473184318457,0.549429831420161,0.334323546355074,0.570791335736034,-0.0947995352820659,-0.0769563012677779,NA,-0.197161963403513,-0.15913534828907,-0.184568167647996,-0.0681727837374755,NA
"65",1943,0.0995746808701128,NA,NA,NA,NA,NA,NA,NA,NA,NA,0.114166666666667,0.492938831713074,0.476473146171523,0.552763241047462,0.404323559070738,0.481624694500699,-0.0225395191230131,0.244366811289595,NA,-0.12532992650323,-0.176908757753724,-0.148916769102764,0.137179172869743,NA
"66",1944,-0.449586547768314,NA,NA,NA,NA,NA,NA,NA,NA,NA,-0.126666666666667,0.556272343065613,-0.390859948107476,-0.00390345105053136,0.914323470061104,0.268958103492176,-0.235887685507048,-0.494641640658063,NA,-0.318851409735691,-0.0378232842370565,-0.198262643205918,-0.404215520026272,NA
"67",1945,-0.205050282813074,NA,NA,NA,NA,NA,NA,NA,NA,NA,-0.19,0.559605434801453,-0.0801932280350766,-0.110570015991909,-0.325343150829191,0.0108747599863186,-0.247971622342988,-0.102568324914269,NA,-0.181123228484555,-0.295778843321198,-0.229028399204134,-0.164366946852716,NA
"68",1946,0.0830084711342138,NA,NA,NA,NA,NA,NA,NA,NA,NA,-0.583333333333333,-0.213728114698061,0.226473464062957,-0.377236428345425,-0.705343265270091,-0.267458586062656,-0.0465239425726427,0.254082597597348,NA,0.0487627631558016,-0.333578619034645,-0.0921279948684113,0.121475055001856,NA
"69",1947,0.0555265658780364,NA,NA,NA,NA,NA,NA,NA,NA,NA,0.5,-0.360394323601055,0.326473527641189,0.386096892272194,0.190990111296456,0.135791551902196,-0.0104040266665866,0.178123240584249,NA,0.0497577881135189,-0.093563746007673,-0.00888908338720995,0.0954175600878866,NA
"70",1948,0.20374047749783,NA,NA,-3.34403896782221,35.3333333333333,1.25276296849537,NA,NA,NA,NA,-0.874166666666667,-0.140394374463684,0.122473372510191,-0.0305700922858918,-0.615676580801511,-0.166041918760225,0.0536076240689116,0.477864922488054,0.37075,0.199051911670503,0.157339074940811,0.179354261009555,0.244065571711218,NA
"71",1949,-0.0357027766667084,3.42317628838093,-2.30258509299405,-3.06027079469156,-24,-1.81915844341617,NA,NA,NA,NA,-1.22833333333333,-1.280394399895,-0.123526599515342,-0.457236669942938,-0.0923430313020184,-0.488375175163826,-0.217901589137268,0.19405158634255,1.02325,-0.0197324720929632,-0.079189438674117,-0.0464082128579175,0.00500404140637478,NA
"72",1950,0.195509615929849,-3.2188758248682,-1.54044504094715,-2.59026716544583,-35.6666666666667,-2.97892515523761,NA,NA,-1.09433333333333,-0.86,-1.81,-0.96039454612506,-0.240193393338609,-0.870569926982329,0.297990144357172,-0.443291930522207,0.0942715033228101,0.213151999007136,0.746333333333333,0.0758684194727,-0.085014536280438,0.0107357764834628,0.233778420608141,-0.766433333333333
"73",1951,0.182600133679209,2.81341071676004,3.06027079469156,2.07944154167984,4.66666666666667,2.53897387105828,NA,NA,0.01375,0.430833333333333,-0.769166666666667,0.282938793566103,0.436473502209891,-0.213903171306036,0.457656841541441,0.240791491502849,0.0685643819850199,0.246063308430729,-0.275,-0.020265663254623,-0.292178942287729,-0.124759288838819,0.21950818151632,-0.961158333333333
"74",1952,0.0207769815870815,-0.980829253011726,-2.68557734525015,0.847297860387204,-50.3333333333333,-2.79320800944252,NA,NA,-0.0625,0.174166666666667,-0.865833333333333,-0.29706113013995,-0.000859922676177405,-0.270569863404031,0.380990009571208,-0.0468752266622374,-0.168733383756841,0.198594416940557,0.143833333333333,0.0442728578829481,-0.24231377190678,-0.0652130257906265,0.0604135920776052,-0.639416666666667
"75",1953,-0.010476676390283,-3.47609868983527,-3.120895416508,-2.70805020110221,-4.66666666666667,-2.92673940206704,NA,NA,0.328833333333333,0.713333333333333,-0.156666666666667,0.132938857144387,0.299806886405891,0.0194300984489821,0.461323401396536,0.228374810848948,-0.0223262767722741,-0.00536009385998426,1.546,-0.133658350609712,-0.053469288805795,-0.103368098857501,0.0290972044567024,1.08228333333333
"76",1954,0.122052493707928,0,-2.90872089656436,-2.97892515523761,-55,-3.14630513203337,NA,NA,-0.922083333333333,-0.400833333333333,-0.290833333333333,-0.0637281782763477,0.31313988913209,-0.377236746236894,0.530990263884371,0.100791307125805,0.217521331399835,0.118410983641022,0.39075,0.0274318406869227,0.278638176230082,0.133980411206121,0.162953746613395,0.207075
"77",1955,-0.0146052578960472,3.61091791264422,2.484906649788,3.04452243772342,17.6666666666667,3.08724738238976,NA,NA,-1.60891666666667,-0.948333333333333,-1.94833333333333,-0.263727987541484,-0.17019338062291,-0.767236453776739,-0.525343277985769,-0.431625274981725,0.0369177361019286,-0.153570879366642,2.41641666666667,0.0762559037359996,0.00251136919691319,0.0440159155702613,0.0270967756372009,-0.0749
"78",1956,0.25209304809071,-2.33537491581704,2.63905732961526,1.84582669049833,34,2.39789527279837,NA,NA,-1.27533333333333,-0.5775,-1.80416666666667,-0.223727707797018,0.745806667696556,0.0527632410474776,-0.155676542654545,0.104791414573118,-0.000445873097032035,0.492147065949361,2.73533333333333,0.0537280166537037,-0.169979481304605,-0.0340225558803855,0.289180223979397,0.0699583333333333
"79",1957,0.0236427776231576,3.50655789731998,-2.39789527279837,-2.42774823594805,15.3333333333333,1.88454120267902,NA,NA,0.618333333333333,0.960833333333333,0.2275,-0.777060990267721,1.17980668295536,0.63609657438079,0.770990035002505,0.452458075517733,-0.176228231315324,0.251219919882526,-1.07316666666667,0.0954411444573484,0.0729203756876551,0.0833757410729525,0.0653296368027547,-1.1473
"80",1958,-0.00700554921916741,-4.53974238066564,-0.510825623765991,2.89037175789616,11,-2.80839817493649,NA,NA,0.7815,0.8325,0.643333333333333,1.28627220319338,1.01980683554322,1.24942995857676,0.907990118925872,1.11587477905981,-0.192746652947712,0.138053110174479,-1.87841666666667,0.074316979231325,0.108483412163201,0.085312180908037,0.0352081717480761,-0.5478
"81",1959,0.182749426405199,2.73002910782099,-0.847297860387204,2.90872089656436,39,2.86695148368807,NA,NA,0.131916666666667,0.136666666666667,-0.0266666666666667,0.95293886986005,0.616473489494258,0.489430047586362,0.431323668425371,0.62254151884151,0.252345083006736,0.148105334422006,0.526166666666667,0.0542231887361169,0.349891066643234,0.181785527240921,0.223422944394324,-0.203458333333333
"82",1960,-0.0326244246762002,1.20397280432594,-3.02852209637698,-1.73460105538811,-8.66666666666667,-2.06897024181254,NA,NA,-0.278333333333333,0.0683333333333333,0.0575,0.56293916232017,-0.120859808235243,0.382763164753495,0.224323571786394,0.262291522656204,-0.0905103831043164,0.0260718313143098,0.7945,0.0892462235256808,0.20660319641307,0.135496752781764,0.0108403250966234,0.747741666666667
"83",1961,0.00795609497959937,-4.6759392568763,-2.96183072187831,-1.54044504094715,32,-3.2121868367174,NA,NA,-0.276083333333333,-0.0166666666666667,-0.8175,1.12627235578127,1.02980674653366,0.742763457213629,-0.182343183889884,0.679124843909667,-0.215667819452069,0.176307369375275,1.51208333333333,0.0230492214313216,0.0845401748420791,0.0454380537573282,0.049325565991019,0.970683333333333
"84",1962,-0.0514929971509464,3.59273559356103,-2.19722457733622,1.09861228866811,-14.6666666666667,1.12601126285622,NA,NA,-0.755916666666667,-0.215,-1.15833333333333,0.0129389715853065,0.019806835543223,-0.0839033747565594,0.757657032276272,0.17662486616206,-0.0572024963564779,-0.00666870909580375,1.32983333333333,0.0240701505654286,0.28856725393441,0.13684868895999,-0.00766713844172884,-0.093425
"85",1963,-0.106269609546462,2.70805020110221,-1.89711998488588,-3.17805383034795,-7,-1.73460105538811,NA,NA,0.0439166666666667,0.6575,-0.685833333333333,0.702938869860047,1.24647328604376,0.512763279194404,1.52799032237637,0.997541439368645,-0.147606697391948,-0.11818324001616,-0.561333333333333,-0.038022384843881,0.209156203808648,0.0666468866886785,-0.0626545110209467,-0.234733333333333
"86",1964,0.0421974724822611,2.87167962488401,2.66258782702545,-1.73460105538811,7.66666666666667,2.14006616349627,NA,NA,-0.77975,-0.341666666666667,-0.77,0.412938908007019,-0.200860049832743,-0.553903323893948,0.124323508208086,-0.0543752393778973,0.0135367472573584,0.0854221360387903,2.30783333333333,0.205115382999779,0.340119001909443,0.259062256651852,0.0864388057514276,0.544125
"87",1965,0.164445209426411,3.20545280453606,3.51650822817315,3.30810695859614,-9.33333333333333,2.94881535376624,NA,NA,0.689916666666667,0.900833333333333,-0.314166666666667,-0.283727809522277,0.463139825553824,-0.360570015991932,0.891323388680906,0.17754134718013,0.0186662788945657,0.20629663730265,-0.486,0.0327062215114839,0.111916302592522,0.0625806597674181,0.203767539759451,-0.837208333333333
"88",1966,-0.147985985124748,-2.19722457733622,3.19184715248028,2.92673940206704,-5.33333333333333,1.96944064646551,NA,NA,0.252833333333333,0.375,-0.459166666666667,0.406272088752459,0.34980675924929,-0.210570079570216,0.187990169788472,0.183374734555001,-0.146489564382243,-0.208916864204816,-0.457083333333333,0.0777076339691867,0.107657761916766,0.0869608921601532,-0.103248602905653,-0.95635
"89",1967,0.0460300609952728,2.484906649788,3.8642323415918,3.52636052461616,20.6666666666667,3.35282379737794,0.669559080935782,0.132571771744445,-0.591,-0.306666666666667,-0.734166666666667,0.132938857144389,0.916473362337657,0.0427633300570687,0.497990271513718,0.397541455263207,-0.0325058449857387,0.0585924884301114,0.49425,0.196135207192196,0.106831429408652,0.157890839571744,0.0885104847054468,-0.699741666666667
"90",1968,-0.0979038512340473,-3.83586164446258,2.77258872223978,0,-22.6666666666667,-2.56494935746154,0.553317562669896,0.169321313953186,-0.3195,0.135,-0.403333333333333,-0.0937279112475409,0.595807049166291,0.119429844135835,-0.152343133027285,0.117291462256825,-0.00882507897012985,-0.311372469117016,0.148583333333333,0.143665601760985,0.30570939185257,0.209554474941756,-0.0518658172129189,-0.850616666666667
"91",1969,0.0914097080469176,1.67397643357167,-2.53897387105828,1.79175946922805,-12.3333333333333,-1.22866541691631,0.223425199143456,-0.142709787508881,0.5425,0.745,-0.0983333333333333,-0.690394565198547,0.20980673381799,0.249429958576748,0.431323668425405,0.0500414489053984,-0.125261401552013,0.161199267146559,-1.74916666666667,-0.0533399709840516,0.126342246833103,0.0204360020118468,0.131193521002546,-0.387633333333333
"92",1970,-0.113139396122458,-1.38629436111989,1.46633706879343,1.6094379124341,6.66666666666667,1.09861228866811,0.553539679204922,0.25804942956187,-0.529916666666667,-0.32,-0.3975,0.782938793566103,-0.976859754829476,-0.394236626709683,-0.442009944652446,-0.257541883156376,-0.0901395214172087,-0.192356904401798,0.0158333333333333,-0.218391451593543,-0.210589492722148,-0.218217901997827,-0.0736202426821961,0.06105
"93",1971,0.206790995823892,2.97892515523761,-1.54044504094715,-2.66258782702545,40.3333333333333,2.32727770558442,0.0363059358070004,0.132571771744445,-1.39758333333333,-0.94,-1.29083333333333,-0.623727803164451,0.466473235181091,-0.510569952413656,-0.785676339204025,-0.363375214900261,0.00475569909904117,0.289110133577799,2.66933333333333,0.0858945325737679,-0.00316305750051349,0.0477447234182691,0.245368692457307,0.381983333333333
"94",1972,0.275970876942385,1.09861228866811,0,-1.46633706879343,29.6666666666667,1.92181259747625,0.199626893506297,0.204768062948934,0.854166666666667,0.9275,-0.921666666666667,-1.05372810834023,0.0724731817753579,-0.133903565491448,-0.815676707958119,-0.482708800003611,0.111904498093136,0.31388590476949,-0.2475,0.332454805376381,0.0685636927261779,0.230710998588604,0.315967811382645,-0.6593
"95",1973,-0.314116736584097,-1.09861228866811,0.287682072451781,2.63905732961526,3,1.54044504094715,0.391071466469675,0.083246705181943,-0.446416666666667,-0.6175,-0.804166666666667,-0.00706116828692771,-0.373526599515376,-0.0105699524136629,-0.425343214407491,-0.204125233655864,-0.117609804479743,-0.758464616737257,0.4115,-0.0812903650923964,-0.0738931667771805,-0.0812816450195424,-0.269231921198562,0.126591666666667
"96",1974,0.246401195098599,2.36712361413162,1.73460105538811,-1.67397643357167,24,2.16905370036952,0.284023920204652,0.169321313953186,-1.16691666666667,-0.886666666666667,-0.336666666666667,-0.610394641492494,0.243140194307855,-0.220569990560602,0.224657039905647,-0.0907918494598992,0.119565591860709,0.214552436872779,1.62275,0.231167276522038,0.059215141972393,0.161983416606969,0.285895375397422,-0.00930833333333334
"97",1975,0.0353186687115148,2.70805020110221,3.120895416508,0.693147180559945,5.33333333333333,2.42036812865043,0.426695273655861,0.153736582936488,-1.28433333333333,-1.0525,-1.10166666666667,-0.453727726870504,-0.386859920133043,-0.693903349325268,-0.709009825125236,-0.560875205363514,-0.0647931913068778,-0.0847128332810012,2.15716666666667,-0.0644265590403919,0.0579138115400486,-0.0160103469923314,0.0754142555831798,0.7985
"98",1976,0.146457802372787,3.2188758248682,-1.54044504094715,-3.3557350075854,36.3333333333333,1.94591014905531,-0.0909468144573999,0.179577814120375,-0.103583333333333,-0.0491666666666667,0.00833333333333333,-0.610394641492494,0.0691397721480573,-0.480569901551013,0.537656765247471,-0.121042001411995,0.314184034055572,-0.00645048760012124,0.7355,0.23860532734304,0.416453470276943,0.311557602078928,0.189731791079414,1.86320833333333
"99",1977,-0.462302701742292,1.6094379124341,-1.20397280432594,-1.84582669049833,4.33333333333333,2.484906649788,0.200421193103148,0.290534884706359,0.617,0.511666666666667,0.230833333333333,0.589605485664084,-0.263526624946643,-0.273903273031312,-0.215676644379828,-0.040875264173426,-0.287658694516974,-0.930792307682202,-0.0620833333333333,-0.0858358274640718,0.0342696255022119,-0.0383916196280953,-0.413463718570123,1.24926666666667
"100",1978,-0.0643301195337749,-3.25809653802148,-2.30258509299405,-2.59026716544583,61.3333333333333,1.09861228866811,-0.108954791655417,-0.171283159952937,0.11525,-0.0983333333333333,0.235833333333333,0.676272228624693,0.296473476778557,0.519430098448995,0.0543234954924117,0.386624824836163,0.0181545081566821,-0.235996775100681,-0.654083333333333,-0.167683504040696,-0.0124338284732186,-0.104812142429736,-0.0239972702975244,0.504475
"101",1979,-0.217068288258799,-1.54044504094715,2.4567357728213,-3.27083556379891,-35,-2.60884355101876,-0.0557913085239257,-0.0296326428899105,0.521333333333333,0.250833333333333,0.335,-0.673727993899313,0.833140029004356,-0.0205701812954686,0.857990246082405,0.249208024972994,-0.195151489090708,-0.432027020404728,-1.44816666666667,-0.0938404442466858,-0.245150375755292,-0.155446491612613,-0.175111521250754,-0.737183333333333
"102",1980,-0.141430689730878,-1.73460105538811,-1.54044504094715,3.120895416508,-22,-0.882389180198474,0.318165293406983,-0.0296326428899105,0.554583333333333,0.253333333333333,0.6025,0.506272152330746,-0.280859973538776,0.186096765115641,0.387656510934338,0.199791363710487,-0.151602343826658,-0.279045833652038,-1.08591666666667,-0.192082587403492,-0.00608951318936768,-0.115465996227011,-0.10008255057201,-0.7491
"103",1981,0.00938187790253764,-3.78418963391826,-3.16406758837321,0.693147180559945,-9,-2.92673940206704,-0.763400178765456,-0.655885588619825,0.0744166666666667,-0.268333333333333,0.918333333333333,1.39293908602623,0.48980678468059,0.522763190184827,0.917656879688405,0.830791485145014,0.0451729424578939,-0.187115115437338,-0.717416666666667,-0.0621993866275687,0.140296585703199,0.0218920478918534,0.0503943322756619,-0.221833333333333
"104",1982,0.216580066815103,2.77258872223978,2.70805020110221,-2.56494935746154,-1,1.44691898293633,-0.324360003317175,-0.0296326428899105,1.09091666666667,0.99,0.114166666666667,0.382938857144385,0.353140168876589,-0.123903336609578,0.564656556710672,0.294208061530517,0.0808997663569198,0.0995535041595037,-2.03175,0.152678731726736,0.201164153277311,0.169621950722131,0.256597880219765,-0.686708333333333
"105",1983,0.160522515640778,-4.77912349311153,-2.42774823594805,-3.02852209637698,-10.6666666666667,-3.69924224114948,-0.865934107942831,-0.0233630298763154,1.60783333333333,0.48,1.64833333333333,1.60960562553633,1.14647354035689,1.42276344449796,0.684656760161205,1.2158748426381,0.0582903190088349,-0.0346650050564712,-3.90625,-0.0961392958337957,0.0161056548745417,-0.0521040084970164,0.198502930371703,-0.09205
"106",1984,0.120584152074587,-2.51230562397611,-3.06027079469156,1.94591014905531,4.66666666666667,-1.70474809223843,-0.508989487967076,-0.23872444074847,-0.118416666666667,-0.505833333333333,0.8375,0.679605638251973,0.0958067312748572,-0.0972366953742689,-0.0256767461050682,0.163124732011873,0.0140508860861654,0.0565458237779026,1.03233333333333,-0.0694559074453949,0.127625034032606,0.0121753969174101,0.159862927656247,0.620758333333333
"107",1985,-0.104765962172115,3.3557350075854,-1.84582669049833,-1.09861228866811,17.6666666666667,2.31088389580874,-0.123443605477567,-0.0359418120831752,-0.38925,-0.598333333333333,0.449166666666667,-0.547061130139953,-0.000193304328977462,-0.224236550415744,-0.919009863272219,-0.422625212039224,-0.148694836781145,-0.353385296219233,1.0065,0.0143289815098768,-0.178465320811219,-0.0624059368781289,-0.0632101113270895,-0.393916666666667
"108",1986,0.00747148791308128,-4.3652195163575,-2.85263142991332,1.89711998488588,5,-3.04848283893952,-0.192375387739462,-0.171283159952937,0.445583333333333,0.253333333333333,1.23916666666667,0.432938729987814,-0.550193177172444,0.366096752399995,-0.148676573172125,0.0250414330108093,-0.0433343211233179,-0.13652786032967,-0.817416666666667,0.0255995926173274,-0.106270397276788,-0.0287792418664292,0.0478013426566832,-0.73285
"109",1987,-0.269902355140445,-3.06027079469156,-2.15948424935337,1.29928298413026,10.3333333333333,-1.38629436111989,-0.102401844056585,0.174462713453605,1.66433333333333,1.27666666666667,1.82083333333333,0.602939124173199,-0.63352682839721,0.299430149311595,0.454656582142006,0.180874756807397,-0.119664097205124,-0.538148479297647,-1.70891666666667,-0.100175046482924,-0.175537328967346,-0.13304200426683,-0.226700636008832,0.429166666666667
"110",1988,-0.301499618609579,1.67397643357167,-3.32022831912849,1.54044504094715,25,0.606135803570315,-0.533870159686494,-0.380037973815048,-0.474666666666667,-0.810833333333333,0.531666666666667,0.296272114183781,-0.68085990996051,0.132763164753518,0.174323698942951,-0.0193752330200656,-0.161049313367979,-0.608521539983416,1.29225,-0.0483908269804711,-0.176817270630472,-0.101480237243377,-0.257198923691218,1.32363333333333
"111",1989,-0.182723738615,3.09104245335832,-1.94591014905531,0.405465108108164,50.6666666666667,2.78809290877575,0.136514282816211,0.158958526917639,-0.52475,-0.605,-0.179166666666667,-0.617060983909891,0.57314043590539,0.632763482644961,0.224657039905672,0.203374993636533,-0.179840816994474,-0.324031808630608,1.26641666666667,-0.139049199244589,-0.0812659376136917,-0.118217029598901,-0.140754556544326,0.612241666666667
"112",1990,-0.00731240288847701,3.27083556379891,-2.92673940206704,1.99243016469021,45,2.70805020110221,-0.191637926595222,0.209730852291063,0.420666666666667,0.315,-0.355833333333333,-0.0703946796394632,1.15980686097456,0.362763024881261,-0.0423434763500214,0.352457932466583,-0.0417025557354123,-0.193408567440754,0.579416666666667,0.187507025968857,-0.00910191264036087,0.109400926650046,0.0353009125608672,-0.20155
"113",1991,0.0562044745558072,2.63905732961526,2.15948424935337,2.07944154167984,31.6666666666667,2.74620196706659,-0.0685486439603,0.229339323679439,0.797916666666667,0.646666666666667,-0.419166666666667,-0.253727758659647,-0.350193367907309,-0.277236682658605,-0.182009715770585,-0.265791881249037,0.0714805444404281,-0.110163755968006,-0.542416666666667,0.124930760900403,0.111710661161904,0.116595799539327,0.0978884565489775,-0.498916666666667
"114",1992,-0.290991725428382,-3.8286413964891,2.12026353620009,1.89711998488588,36,0.22314355131421,-0.0554473175387731,-0.114930223401806,1.30283333333333,0.630833333333333,0.928333333333333,1.32293875541911,0.175806654980891,1.19276326647876,0.424323381051515,0.778958014482569,-0.247203739824661,-0.521211402846166,-2.70941666666667,-0.0858358274640718,0.0218221051911502,-0.0437828163251961,-0.245863707093129,-1.09491666666667
"115",1993,-0.191757438466215,1.67397643357167,-3.80666248977032,2.33537491581704,29.3333333333333,0,-0.267866374934888,-0.0171324801256789,1.112,0.3125,1.41666666666667,-0.000394349032374564,0.206473324190723,1.25609645993986,-0.145676313772706,0.329124780331377,-0.154031740709332,-0.291735261311983,-2.63266666666667,-0.170778523533924,-0.298461469775219,-0.223589169041317,-0.151171151182981,-1.90199166666667
"116",1994,-0.342693931573679,2.90872089656436,-2.51230562397611,2.36712361413162,1,1.48538526376412,-0.369231937252858,0.0719471499280093,0.75275,0.475,-0.151666666666667,0.472939009732279,0.74980637777959,0.692763584370196,-0.412009893789795,0.375874769523067,-0.384231138531586,-0.514479820981588,-0.51425,0.080122510776647,-0.247111352950023,-0.042941555678933,-0.296523485594109,-1.21160833333333
"117",1995,-0.000520518014308635,-4.12174353641022,1.29928298413026,-2.59026716544583,-17.3333333333333,-3.0985896589937,-0.189371162116549,0.00740862879043824,0.22525,-0.16,0.6425,0.72627241935956,1.15647345134729,0.842763520791928,0.851323426827872,0.894208204581663,-0.0354720059847757,-0.242882906154005,-1.99983333333333,-0.162751311551377,-0.00377844213531731,-0.0982277565015561,0.0390008575224705,-1.0392
"118",1996,0.272531111950105,2.33537491581704,-2.6149597780362,3.61091791264422,25.6666666666667,2.69687690050408,0.164338545651971,-0.208187716888388,-0.298416666666667,-0.46,0.640833333333333,0.862939035163595,-0.0641934340287111,0.562763469929294,-0.0256767461050682,0.333958081239777,0.126479654896103,0.120046621663828,0.0686666666666666,0.0591614703766989,0.124651857979325,0.0832332076842643,0.310709235870815,-0.972841666666667
"119",1997,0.363888471780822,2.94443897916644,-3.32022831912849,-3.29583686600433,5.66666666666667,-2.01490302054226,-0.862560513223781,-0.435097750998075,1.55325,1.17083333333333,1.46083333333333,0.229605511095397,2.45313959667199,1.28276310117522,2.02432344462981,1.4974579133931,0.285017311803367,0.321145464782294,-1.96391666666667,0.340295054609731,0.269956402835613,0.309377071527942,0.403711987206682,-0.657691666666667
"120",1998,-0.00564389446324398,-4.2243976904703,2.19722457733622,3.29583686600433,-13.3333333333333,-2.43507427604012,0.290539838503504,0.153736582936488,0.901333333333333,-0.0575,0.245833333333333,2.23627233034994,0.909806860974557,1.22276331734143,0.817989966337972,1.29670811875097,-0.0400734486686201,-0.127621319513466,-1.07433333333333,-0.152959311646759,-0.217044802778695,-0.181442932572109,0.0329113147653981,0.544566666666667
"121",1999,0.184278393159026,-4.88027347623301,0,3.16406758837321,0,-3.29583686600433,0.465341811725162,0.224473134028266,-0.855333333333333,-1.225,-1.06333333333333,0.222939009732279,0.20980673381799,-0.173903527344482,-0.00567628834139455,0.0632914819660986,0.213739814288532,-0.0238384022897193,1.33241666666667,0.273796016161198,0.138562905199615,0.21816055227543,0.225469985164144,1.51578333333333
"122",2000,-0.0474632772614996,-0.847297860387204,-2.26868354131836,-0.510825623765991,21,0.606135803570315,0.0901936486331891,-0.0812570082952178,-0.4785,-0.835833333333333,-0.59,0.289605612820656,0.32247349966679,0.602763431782328,-0.129009901419206,0.271458160712642,-0.0419743317936145,-0.216694830196595,0.456666666666667,0.0194677389639786,0.0278043259777814,0.0198590643202952,-0.00557937676533449,1.88586666666667
"123",2001,-0.505565262127551,2.92673940206704,-1.09861228866811,2.63905732961526,-30.3333333333333,1.79175946922805,0.366421823006881,0.0605184541043871,-0.112333333333333,-0.308333333333333,-0.5625,0.206271961595887,-0.310193088162844,0.00276336820401113,-0.295343099966567,-0.0991252145823793,-0.351141337371446,-0.873099408043032,0.320833333333333,-0.198435848926101,-0.103291037762846,-0.161764136617801,-0.458311281466473,2.08068333333333
"124",2002,-0.0921884237718746,2.4567357728213,-2.30258509299405,3.24519313318557,-45.3333333333333,-1.50407739677627,0.405322235505343,0.184666883627846,0.647,0.630833333333333,0.220833333333333,0.10293880628176,-0.213526752103277,-0.230569901551009,-0.0086765477407944,-0.0874585987783316,-0.0515333285185395,-0.170652237953497,-0.393166666666667,0.198280670362296,-0.0977813819518758,0.08559663546834,-0.0484855431956213,1.47359166666667
"125",2003,-0.190851471773115,-3.7992275112828,0,2.90872089656436,-22.6666666666667,-2.52572864430826,0.276072685518999,-0.0680989237177068,0.5075,0.250833333333333,0.969166666666667,1.24960565096763,0.403140041720023,0.702763177469162,0.731323541268805,0.771708102856403,-0.142935129650199,-0.291590155021369,-0.993916666666667,-0.13964998027798,-0.159315123570453,-0.150572219871298,-0.149229501014815,0.958508333333333
"126",2004,-0.213207011463901,-3.54577861047326,-2.39789527279837,-2.79320800944252,58,0,-0.23259673089259,0.083246705181943,0.46775,0.446666666666667,0.345,0.769605472948426,0.955806705843557,0.939429856851495,0.147657057707592,0.703124773337768,-0.0776677044289276,-0.42288542927656,0.63375,-0.174505235921622,0.095956863370068,-0.0589163362866678,-0.16977273688074,0.209458333333333
"127",2005,-0.229102896085379,3.23212105161822,-3.28341434600577,3.25809653802148,22,2.4567357728213,0.0631369341949455,-0.23872444074847,0.361833333333333,0.0433333333333333,0.375,0.849605714545927,0.22980655579879,1.1827633554884,0.301323553984421,0.640874794954383,-0.117433918453434,-0.476061438117453,-0.232416666666667,-0.00754689084684834,0.208534119807249,0.0827484421444513,-0.182826061901286,-1.38060833333333
"128",2006,0.0135586733392277,-3.13549421592915,0,3.61091791264422,12.6666666666667,1.89711998488588,0.617899397119862,0.174462713453605,0.33975,0.100833333333333,0.190833333333333,0.77960570183026,-0.160193469632542,0.632763164753529,-0.0386762807119858,0.303374779059814,-0.161263665794809,0.0398116247867382,0.522583333333333,-0.17699744904958,-0.260548962518888,-0.213028676230858,0.0515073631059337,-0.553866666666667
"129",2007,-0.12815728147088,3.48635519000246,-2.15948424935337,-3.14988295338125,38.3333333333333,2.27726728500976,-0.0908005067363895,-0.0615842426965125,-0.297583333333333,-0.581666666666667,-0.195833333333333,0.392938768134787,0.856473260612423,0.129429755126248,-0.275343277985762,0.275874626471923,-0.15619278493863,-0.268498415461011,NA,0.168700436258002,0.0952601934240977,0.136578447903323,-0.0828766638811285,0.593258333333333
"130",2008,-0.0913486467790658,3.61091791264422,-0.287682072451781,-2.6149597780362,43,2.78809290877575,0.115368085623251,0.0888489607306129,-0.640333333333333,-0.755,-1.2925,-0.380394304527567,-0.347526576627176,-0.637236657227298,-0.0323432474681713,-0.349375196462553,-0.179872016782317,-0.10533457840716,NA,0.00709006675523227,-0.0299726432261416,-0.0107664306219455,-0.0492163069824514,1.454975
"131",2009,-0.133416850158707,3.77658503453304,-1.84582669049833,-2.83321334405622,0.333333333333333,1.64222773525709,-0.0755213662163978,0.204768062948934,0.394,0.306666666666667,-0.6125,-0.52372773958616,0.0731401180139244,-0.0839033747565807,-0.0656767079580973,-0.150041926071729,-0.271696966339945,-0.147773761682316,NA,-0.0829924931629265,-0.175902859447518,-0.12262047559032,-0.0922820734779073,0.736275
"132",2010,-0.214577585405051,-4.30855948279201,-2.94443897916644,2.26868354131836,-10.3333333333333,-3.15700042115011,-0.357400843051325,-0.463807856880506,-0.343166666666667,-0.453333333333333,-0.3125,1.01293897158531,-0.896859831123443,0.326096790546961,0.394656480416749,0.209208102856392,-0.189213191846349,-0.308564516337301,NA,-0.261573185196504,-0.114746112585269,-0.20242679216682,-0.173337139664232,1.37013333333333
"133",2011,0.254770612065441,-2.26868354131836,-2.99573227355399,-1.67397643357167,49.3333333333333,1.27629346590556,-0.426157950799432,-0.149776954731974,-0.893,-0.834166666666667,-1.23083333333333,0.132938539252946,0.0798066193770577,0.299429831420191,0.0979900172006047,0.1525412518127,0.141524388173355,0.249954363923695,NA,0.246805455293034,0.0986692481049403,0.186373282394518,0.294483425754658,0.85725
"134",2012,0.15705547293144,-2.12026353620009,-3.24519313318557,3.28341434600577,0.333333333333333,-0.559615787935423,0.156085945409149,-0.0171324801256789,0.169,-0.126666666666667,-1.1,-0.297061448031394,0.0291398102949909,0.272763508076261,0.120990098580839,0.0314579922301732,0.0862460265287623,0.12598932102779,NA,0.286041873320324,0.0114179100131153,0.180622360712363,0.198121057239792,1.47686666666667
"135",2013,-0.076734124724517,3.88499433304023,-2.90872089656436,3.0122615755052,64.6666666666667,3.36153212526972,-0.104780731607418,-0.0171324801256789,-0.076,-0.294166666666667,-0.5175,-0.103727504346496,0.856473578503824,0.426096536233821,-0.348676382437242,0.207541556988476,-0.0507103960897091,-0.168084183126648,NA,0.142306598154315,-0.137265866153419,0.0352010877969775,-0.0341225506089078,0.343816666666667
"136",2014,-0.0269101497885114,2.66258782702545,-2.12026353620009,2.70805020110221,4,1.83258146374831,0.0108854054692173,-0.208187716888388,0.498416666666667,0.144166666666667,1.13083333333333,-0.103728140129373,0.84980675924929,1.07276338091969,2.32799019521984,1.03670804881486,-0.132674333941139,-0.0919356460442842,NA,0.0935390991858664,0.0751271749459388,0.0831191663441544,0.0156250644579146,-0.249166666666667
"137",2015,-0.181095349473321,3.47609868983527,3.71357206670431,0,4,2.96183072187831,0.235176083331181,0.0662491288133724,1.62308333333333,1.48833333333333,1.63416666666667,2.26293897158531,1.12314030874879,0.976096726968661,1.37799006806324,1.4350415188415,-0.175699895405719,-0.57598878657058,NA,-0.0154771465228247,0.156814965914139,0.0549849469408343,-0.1362780769451,-1.39453333333333
"138",2016,-0.097029641116066,-4.61181472870676,2.51230562397611,2.70805020110221,-32,-3.27083556379891,0.0499473572713285,-0.0233630298763154,0.912083333333333,0.3625,1.5425,1.73960573997721,0.409139924735957,1.41609694313486,1.34432345734547,1.22729151629837,-0.155644472508664,-0.238883176664807,NA,-0.0494885219315258,0.146936716342477,0.0318453799500062,-0.0541253743958912,-0.1857
"139",2017,0.191588766190073,-2.15948424935337,-3.04452243772342,3.23212105161822,13,0.773189888233482,-0.16362804016658,0.0134509432464016,0.13425,-0.175833333333333,NA,0.769605472948426,0.563140207023556,0.872763571654561,0.564323724374239,0.692458244000195,-0.150420149354412,0.243772356684174,NA,NA,NA,NA,NA,-0.862591666666667
"140",2018,0.05977707715709,0,-0.847297860387204,2.33537491581704,17.6666666666667,1.89711998488588,-0.173377843205941,0.132571771744445,0.185583333333333,0.0333333333333333,NA,0.706272279487322,0.663139952710424,0.994430162027294,0.807656905119705,0.792874824836186,-0.191357018134818,0.0785314112151223,NA,NA,NA,NA,NA,-1.90631666666667
