Analysis,Identifier 1,Rt,Area All,d 29N2/28N2,d 15N/14N,AA_ID
11368,12AA,1314.2,1.761,-0.94,-0.94,ALA
11369,12AA,1315.2,1.993,-0.249,-0.249,ALA
11370,12AA,1315.4,1.726,-0.64,-0.64,ALA
11377,12AA,1314.6,1.82,-1.342,-1.342,ALA
11384,12AA,1314,1.838,-2.089,-2.089,ALA
11391,12AA,1315,1.867,-1.237,-1.237,ALA
11392,12AA,1314.8,1.855,-1.863,-1.863,ALA
11368,12AA,1863.7,1.419,-11.167,-11.167,ASP
11369,12AA,1864.9,1.559,-10.027,-10.027,ASP
11370,12AA,1864.7,1.333,-10.19,-10.19,ASP
11377,12AA,1864.5,1.508,-10.989,-10.989,ASP
11384,12AA,1863.7,1.495,-10.865,-10.865,ASP
11391,12AA,1865.7,1.437,-10.875,-10.875,ASP
11392,12AA,1865.3,1.426,-11.213,-11.213,ASP
11368,12AA,2118.6,1.296,-1.788,-1.788,GLU
11369,12AA,2119.7,1.255,-2.631,-2.631,GLU
11370,12AA,2119.7,1.054,-2.697,-2.697,GLU
11377,12AA,2119.3,1.216,-3.351,-3.351,GLU
11384,12AA,2118.6,1.215,-3.971,-3.971,GLU
11391,12AA,2120.3,1.215,-4.28,-4.28,GLU
11392,12AA,2120.1,1.194,-4.869,-4.869,GLU
11368,12AA,1381.7,1.774,3.924,3.924,GLY
11369,12AA,1382.5,1.975,3.621,3.621,GLY
11370,12AA,1382.5,1.685,4.106,4.106,GLY
11377,12AA,1382.1,1.821,2.609,2.609,GLY
11384,12AA,1381.5,1.816,2.538,2.538,GLY
11391,12AA,1382.7,1.835,2.342,2.342,GLY
11392,12AA,1382.3,1.822,2.552,2.552,GLY
11368,12AA,1531.8,1.163,-2.434,-2.434,ILE
11369,12AA,1532.8,1.423,-2.175,-2.175,ILE
11370,12AA,1532.8,1.231,-1.931,-1.931,ILE
11377,12AA,1532.2,1.338,-2.025,-2.025,ILE
11384,12AA,1531.3,1.332,-2.673,-2.673,ILE
11391,12AA,1532.6,1.308,-4.879,-4.879,ILE
11392,12AA,1532.2,1.301,-3.727,-3.727,ILE
11368,12AA,1568.5,0.72,13.336,13.336,NLE
11369,12AA,1569.4,0.886,13.469,13.469,NLE
11370,12AA,1569.6,0.755,13.2,13.2,NLE
11377,12AA,1569,0.797,14.693,14.693,NLE
11384,12AA,1568.3,0.793,13.021,13.021,NLE
11391,12AA,1569.4,0.754,12.658,12.658,NLE
11392,12AA,1569,0.75,13.052,13.052,NLE
11368,12AA,2228.8,1.914,3.251,3.251,PHE
11369,12AA,2229.6,1.823,3.176,3.176,PHE
11370,12AA,2229.6,1.573,3.554,3.554,PHE
11377,12AA,2229.2,1.777,2.704,2.704,PHE
11384,12AA,2228.6,1.778,2.526,2.526,PHE
11391,12AA,2230,1.8,1.734,1.734,PHE
11392,12AA,2229.8,1.766,1.77,1.77,PHE
11368,12AA,1776.3,1.061,-4.943,-4.943,PRO
11369,12AA,1777.5,1.156,-4.715,-4.715,PRO
11370,12AA,1777.5,0.967,-4.465,-4.465,PRO
11377,12AA,1777.1,1.073,-4.273,-4.273,PRO
11384,12AA,1776.5,1.063,-6.135,-6.135,PRO
11391,12AA,1778,1.035,-5.717,-5.717,PRO
11392,12AA,1777.8,1.025,-6.053,-6.053,PRO
11368,12AA,1892.5,1.328,1.449,1.449,SER
11369,12AA,1894,1.3,1.005,1.005,SER
11370,12AA,1893.7,1.096,1.446,1.446,SER
11377,12AA,1893.5,1.23,-0.135,-0.135,SER
11384,12AA,1892.7,1.228,0.311,0.311,SER
11391,12AA,1894.8,1.361,-1.398,-1.398,SER
11392,12AA,1894.6,1.151,0.086,0.086,SER
11368,12AA,1826.7,1.102,-0.542,-0.542,THR
11369,12AA,1827.7,1.252,-2.595,-2.595,THR
11370,12AA,1827.7,1.071,-2.075,-2.075,THR
11377,12AA,1827.3,1.201,-1.874,-1.874,THR
11384,12AA,1826.7,1.185,-3.578,-3.578,THR
11391,12AA,1828.3,1.145,-2.582,-2.582,THR
11392,12AA,1828.1,1.133,-3.679,-3.679,THR
11368,12AA,2625.9,1.305,4.303,4.303,TYR
11369,12AA,2626.5,1.218,4.832,4.832,TYR
11370,12AA,2626.5,1.046,4.727,4.727,TYR
11377,12AA,2625.9,1.164,4.482,4.482,TYR
11384,12AA,2625.5,1.15,3.432,3.432,TYR
11391,12AA,2626.7,1.153,3.65,3.65,TYR
11392,12AA,2626.1,1.128,3.747,3.747,TYR
11368,12AA,1439.6,1.534,0.983,0.983,VAL
11369,12AA,1440.6,1.889,0.568,0.568,VAL
11370,12AA,1440.8,1.653,1.123,1.123,VAL
11377,12AA,1440.2,1.784,0.826,0.826,VAL
11384,12AA,1439.4,1.775,-0.025,-0.025,VAL
11391,12AA,1440.6,1.785,0.077,0.077,VAL
11392,12AA,1440.2,1.764,0.324,0.324,VAL
11397,12AA,1313.8,1.753,-1.755,-1.755,ALA
11397,12AA,1863.4,1.331,-10.736,-10.736,ASP
11397,12AA,2118.4,1.07,-3.824,-3.824,GLU
11397,12AA,1381.1,1.691,3.528,3.528,GLY
11397,12AA,1531.1,1.191,-1.697,-1.697,ILE
11397,12AA,1567.9,0.674,13.533,13.533,NLE
11397,12AA,2228.6,1.587,1.921,1.921,PHE
11397,12AA,1776.3,0.926,-4.571,-4.571,PRO
11397,12AA,1892.5,1.081,0.172,0.172,SER
11397,12AA,1826.5,1.055,-1.476,-1.476,THR
11397,12AA,2625.2,1.031,3.604,3.604,TYR
11397,12AA,1439.2,1.619,0.307,0.307,VAL
11381,RM_10273,1314.4,2.011,21.594,21.594,ALA
11382,RM_10273,1316.7,4.591,21.842,21.842,ALA
11381,RM_10273,1860.7,0.731,25.421,25.421,ASP
11382,RM_10273,1893.1,1.08,11.495,11.495,ASP
11381,RM_10273,2118.2,1.005,27.082,27.082,GLU
11382,RM_10273,2123,2.443,27.484,27.484,GLU
11381,RM_10273,1386.9,6.955,10.006,10.006,GLY
11382,RM_10273,1393.2,16.114,10.002,10.002,GLY
11381,RM_10273,1507.7,0.45,25.257,25.257,LEU
11382,RM_10273,1508.6,1.134,26.97,26.97,LEU
11381,RM_10273,1567.9,0.152,12.246,12.246,NLE
11382,RM_10273,1568.3,0.396,11.804,11.804,NLE
11381,RM_10273,1438.3,0.344,25.508,25.508,VAL
11382,RM_10273,1440.2,0.842,25.945,25.945,VAL
11371,RM_10834,1318,5.077,24.927,24.927,ALA
11372,RM_10834,1316.3,4.879,25.038,25.038,ALA
11373,RM_10834,1317.3,5.159,25.22,25.22,ALA
11371,RM_10834,1866.4,1.938,28.14,28.14,ASP
11372,RM_10834,1864.7,1.824,27.47,27.47,ASP
11373,RM_10834,1865.7,1.911,27.508,27.508,ASP
11371,RM_10834,2124.1,2.726,29.126,29.126,GLU
11372,RM_10834,2122.4,2.535,29.263,29.263,GLU
11373,RM_10834,2123.4,2.646,29.134,29.134,GLU
11371,RM_10834,1394.4,17.298,11.688,11.688,GLY
11372,RM_10834,1392.6,16.389,11.072,11.072,GLY
11373,RM_10834,1393.8,17.128,10.875,10.875,GLY
11371,RM_10834,1509.6,1.174,32.224,32.224,LEU
11372,RM_10834,1508.1,1.13,31.573,31.573,LEU
11373,RM_10834,1509,1.188,31.216,31.216,LEU
11371,RM_10834,1569.2,0.359,15.188,15.188,NLE
11372,RM_10834,1567.7,0.347,13.655,13.655,NLE
11373,RM_10834,1568.5,0.362,12.293,12.293,NLE
11371,RM_10834,1441.3,0.941,32.169,32.169,VAL
11372,RM_10834,1439.6,0.906,30.453,30.453,VAL
11373,RM_10834,1440.6,0.948,30.546,30.546,VAL
11374,RM_12847,1318.8,7.831,24.139,24.139,ALA
11375,RM_12847,1319.6,10.154,23.973,23.973,ALA
11376,RM_12847,1319.4,9.745,23.941,23.941,ALA
11374,RM_12847,1868.7,2.625,25.46,25.46,ASP
11375,RM_12847,1870.8,3.529,26.095,26.095,ASP
11376,RM_12847,1870.8,3.406,25.404,25.404,ASP
11374,RM_12847,2126.6,3.701,29.021,29.021,GLU
11375,RM_12847,2128.5,4.963,28.784,28.784,GLU
11376,RM_12847,2128.2,4.782,28.83,28.83,GLU
11374,RM_12847,1397,25.575,11.571,11.571,GLY
11375,RM_12847,1399,33.894,11.681,11.681,GLY
11376,RM_12847,1398.8,32.658,11.543,11.543,GLY
11374,RM_12847,1441.7,1.474,28.654,28.654,LEU
11375,RM_12847,1510.7,2.622,26.943,26.943,LEU
11376,RM_12847,1510.7,2.517,26.451,26.451,LEU
11374,RM_12847,1569.2,0.611,12.204,12.204,NLE
11375,RM_12847,1569.2,0.839,13.472,13.472,NLE
11376,RM_12847,1569.2,0.805,12.976,12.976,NLE
11374,RM_12847,1418.9,0.27,43.082,43.082,VAL
11375,RM_12847,1442.3,1.892,28.798,28.798,VAL
11376,RM_12847,1442.1,1.794,28.014,28.014,VAL
11378,RM_9804,1319.4,9.392,21.778,21.778,ALA
11379,RM_9804,1319.4,9.319,21.886,21.886,ALA
11380,RM_9804,1319,9.239,21.579,21.579,ALA
11378,RM_9804,1872.2,4.025,24.545,24.545,ASP
11379,RM_9804,1872,3.961,24.192,24.192,ASP
11380,RM_9804,1871.4,3.945,24.806,24.806,ASP
11378,RM_9804,2129.7,6.156,27.571,27.571,GLU
11379,RM_9804,2129.7,6.027,28.193,28.193,GLU
11380,RM_9804,2129.1,6.002,27.86,27.86,GLU
11378,RM_9804,1399.3,33.026,9.673,9.673,GLY
11379,RM_9804,1399.5,32.717,9.664,9.664,GLY
11380,RM_9804,1398.8,32.665,9.689,9.689,GLY
11378,RM_9804,1511.5,3.185,24.379,24.379,LEU
11379,RM_9804,1511.5,3.136,24.381,24.381,LEU
11380,RM_9804,1510.9,3.141,24.591,24.591,LEU
11378,RM_9804,1569.2,0.862,10.07,10.07,NLE
11379,RM_9804,1569.4,0.847,9.456,9.456,NLE
11380,RM_9804,1568.8,0.847,9.578,9.578,NLE
11378,RM_9804,1442.3,2.645,24.836,24.836,VAL
11379,RM_9804,1442.5,1.855,25.213,25.213,VAL
11380,RM_9804,1441.9,2.545,24.759,24.759,VAL
11385,SI_274152,1319.6,11.156,23.749,23.749,ALA
11386,SI_274152,1320,11.542,23.935,23.935,ALA
11387,SI_274152,1319.8,11.152,23.748,23.748,ALA
11385,SI_274152,1873.9,5.026,25.061,25.061,ASP
11386,SI_274152,1874.5,5.051,25.176,25.176,ASP
11387,SI_274152,1874.3,4.859,24.722,24.722,ASP
11385,SI_274152,2130.3,6.802,29.847,29.847,GLU
11386,SI_274152,2131,6.901,29.826,29.826,GLU
11387,SI_274152,2130.5,6.711,29.987,29.987,GLU
11385,SI_274152,1399,34.892,8.976,8.976,GLY
11386,SI_274152,1399.5,35.788,8.998,8.998,GLY
11387,SI_274152,1399.3,34.884,9.07,9.07,GLY
11385,SI_274152,1511.9,4.487,26.548,26.548,LEU
11386,SI_274152,1512.3,4.577,26.542,26.542,LEU
11387,SI_274152,1512.1,4.436,26.55,26.55,LEU
11385,SI_274152,1569.2,1.223,10.329,10.329,NLE
11386,SI_274152,1569.6,1.232,9.401,9.401,NLE
11387,SI_274152,1569.2,1.192,9.383,9.383,NLE
11385,SI_274152,1442.5,2.828,28.876,28.876,VAL
11386,SI_274152,1442.9,2.89,28.741,28.741,VAL
11387,SI_274152,1442.5,2.804,28.513,28.513,VAL
11388,SI_274156,1318.2,5.57,23.128,23.128,ALA
11389,SI_274156,1316.5,4.559,23.057,23.057,ALA
11390,SI_274156,1314.6,2.46,22.746,22.746,ALA
11388,SI_274156,1868.3,2.143,23.413,23.413,ASP
11389,SI_274156,1866,1.739,23.211,23.211,ASP
11390,SI_274156,1862.2,0.925,22.459,22.459,ASP
11388,SI_274156,2125.7,3.105,27.28,27.28,GLU
11389,SI_274156,2123.6,2.517,27.68,27.68,GLU
11390,SI_274156,2119.9,1.312,25.834,25.834,GLU
11388,SI_274156,1395.3,19.1,8.951,8.951,GLY
11389,SI_274156,1392.8,15.782,9.006,9.006,GLY
11390,SI_274156,1388.4,8.577,8.867,8.867,GLY
11388,SI_274156,1510,1.736,24.812,24.812,LEU
11389,SI_274156,1508.8,1.399,25.021,25.021,LEU
11390,SI_274156,1507.5,0.707,24.312,24.312,LEU
11388,SI_274156,1656.1,0.386,15.154,15.154,NLE
11389,SI_274156,1568.1,0.389,11.203,11.203,NLE
11390,SI_274156,1567.7,0.199,11.824,11.824,NLE
11388,SI_274156,1441.3,1.097,27.128,27.128,VAL
11389,SI_274156,1440,0.912,25.714,25.714,VAL
11390,SI_274156,1438.3,0.468,26.599,26.599,VAL