Analysis,Identifier 1,Rt,Area All,d 29N2/28N2,d 15N/14N,AA_ID,Conc
9519,12AA,1293.7,1.744,0.105,0.105,ALA,200
9520,12AA,1293.9,2.119,-0.774,-0.774,ALA,200
9521,12AA,1294.5,2.122,-0.928,-0.928,ALA,200
9528,12AA,1294.3,1.852,-1.613,-1.613,ALA,200
9535,12AA,1293.9,1.771,-1.957,-1.957,ALA,200
9542,12AA,1293.7,1.601,-2.285,-2.285,ALA,200
9549,12AA,1294.5,1.674,-0.602,-0.602,ALA,200
9550,12AA,1293.9,1.676,-1.425,-1.425,ALA,200
9519,12AA,1831,1.473,-9.008,-9.008,ASP,200
9520,12AA,1796.4,1.435,-2.153,-2.153,ASP,200
9521,12AA,1832.5,1.708,-9.011,-9.011,ASP,200
9528,12AA,1832.1,1.529,-11.355,-11.355,ASP,200
9535,12AA,1831.5,1.449,-11.696,-11.696,ASP,200
9542,12AA,1831.7,1.327,-10.464,-10.464,ASP,200
9549,12AA,1832.1,1.367,-9.794,-9.794,ASP,200
9550,12AA,1831.5,1.374,-9.894,-9.894,ASP,200
9519,12AA,2092.7,1.333,-1.173,-1.173,GLU,200
9520,12AA,1859.1,1.554,0.384,0.384,GLU,200
9521,12AA,2093.8,1.411,-3.525,-3.525,GLU,200
9528,12AA,2093.8,1.319,-3.467,-3.467,GLU,200
9535,12AA,2092.9,1.255,-3.101,-3.101,GLU,200
9542,12AA,2093.1,1.127,-3.012,-3.012,GLU,200
9549,12AA,2093.6,1.116,-2.945,-2.945,GLU,200
9550,12AA,2093.1,1.125,-2.416,-2.416,GLU,200
9519,12AA,1361.4,1.927,3.971,3.971,GLY,200
9520,12AA,1361.6,2.04,4.45,4.45,GLY,200
9521,12AA,1362.3,2.108,4.682,4.682,GLY,200
9528,12AA,1362.1,1.895,3.437,3.437,GLY,200
9535,12AA,1361.4,1.777,2.555,2.555,GLY,200
9542,12AA,1361.4,1.619,2.422,2.422,GLY,200
9549,12AA,1362.5,1.648,2.149,2.149,GLY,200
9550,12AA,1361.8,1.65,3.282,3.282,GLY,200
9519,12AA,1512.1,1.35,-0.878,-0.878,ILE,200
9520,12AA,1512.3,1.598,-1.16,-1.16,ILE,200
9521,12AA,1513,1.542,-1.916,-1.916,ILE,200
9528,12AA,1512.7,1.393,-2.213,-2.213,ILE,200
9535,12AA,1512.1,1.322,-1.638,-1.638,ILE,200
9542,12AA,1512.1,1.201,-2.017,-2.017,ILE,200
9549,12AA,1513,1.218,-1.34,-1.34,ILE,200
9550,12AA,1512.5,1.219,-1.282,-1.282,ILE,200
9519,12AA,1550.2,1.015,14.259,14.259,NLE,200
9520,12AA,1550.6,1.176,13.649,13.649,NLE,200
9521,12AA,1551.2,1.106,13.645,13.645,NLE,200
9528,12AA,1551.2,0.939,14.328,14.328,NLE,200
9535,12AA,1550.4,0.872,12.981,12.981,NLE,200
9542,12AA,1550.4,0.779,14.587,14.587,NLE,200
9549,12AA,1551.2,0.797,14.379,14.379,NLE,200
9550,12AA,1550.6,0.797,13.629,13.629,NLE,200
9519,12AA,2208.1,2.09,4.948,4.948,PHE,200
9520,12AA,2092.9,1.499,-1.739,-1.739,PHE,200
9521,12AA,2209.1,2.069,3.317,3.317,PHE,200
9528,12AA,2209.1,1.942,1.93,1.93,PHE,200
9535,12AA,2208.5,1.839,1.389,1.389,PHE,200
9542,12AA,2208.5,1.66,2.824,2.824,PHE,200
9549,12AA,2209.1,1.661,3.445,3.445,PHE,200
9550,12AA,2208.7,1.659,3.255,3.255,PHE,200
9519,12AA,1747.4,1.241,-1.72,-1.72,PRO,200
9520,12AA,1730.5,0.149,-3.433,-3.433,PRO,200
9521,12AA,1748.9,1.239,-4.067,-4.067,PRO,200
9528,12AA,1748.7,1.126,-6.712,-6.712,PRO,200
9535,12AA,1748.1,1.046,-4.139,-4.139,PRO,200
9542,12AA,1748.1,0.919,-5.289,-5.289,PRO,200
9549,12AA,1748.7,0.923,-5.85,-5.85,PRO,200
9550,12AA,1748.1,0.924,-5.879,-5.879,PRO,200
9519,12AA,1858.6,1.445,1.103,1.103,SER,200
9520,12AA,1831.5,1.815,-9.783,-9.783,SER,200
9521,12AA,1859.9,1.431,0.338,0.338,SER,200
9528,12AA,1859.7,1.25,0.009,0.009,SER,200
9535,12AA,1859.1,1.174,-0.111,-0.111,SER,200
9542,12AA,1859.3,1.273,-1.166,-1.166,SER,200
9549,12AA,1859.7,1.121,1.186,1.186,SER,200
9550,12AA,1859.1,1.296,-0.177,-0.177,SER,200
9519,12AA,1795.9,1.212,-0.379,-0.379,THR,200
9520,12AA,1748.1,1.321,-4.493,-4.493,THR,200
9521,12AA,1797.2,1.372,-1.986,-1.986,THR,200
9528,12AA,1797,1.238,-3.866,-3.866,THR,200
9535,12AA,1796.4,1.164,-2.587,-2.587,THR,200
9542,12AA,1796.6,1.048,-2.313,-2.313,THR,200
9549,12AA,1797,1.072,-1.03,-1.03,THR,200
9550,12AA,1796.4,1.076,-2.627,-2.627,THR,200
9519,12AA,2615,1.534,5.585,5.585,TYR,200
9520,12AA,2208.5,2.175,3.543,3.543,TYR,200
9521,12AA,2615.6,1.462,4.472,4.472,TYR,200
9528,12AA,2615.6,1.346,2.668,2.668,TYR,200
9535,12AA,2615.2,1.348,3.816,3.816,TYR,200
9542,12AA,2615,1.245,5.053,5.053,TYR,200
9549,12AA,2615.6,1.107,4.594,4.594,TYR,200
9550,12AA,2615.2,1.117,3.931,3.931,TYR,200
9519,12AA,1420.2,1.744,2.052,2.052,VAL,200
9520,12AA,1420.6,2.101,2.019,2.019,VAL,200
9521,12AA,1421.2,2.029,1.289,1.289,VAL,200
9528,12AA,1421,1.841,-0.98,-0.98,VAL,200
9535,12AA,1420.4,1.765,-0.035,-0.035,VAL,200
9542,12AA,1420.4,1.6,0.123,0.123,VAL,200
9549,12AA,1421.2,1.623,0.706,0.706,VAL,200
9550,12AA,1420.6,1.626,1.47,1.47,VAL,200
9525,BM_20226,1293.3,1.865,23.477,23.477,ALA,200
9526,BM_20226,1293.9,1.887,24.131,24.131,ALA,200
9527,BM_20226,1293.3,1.876,24.577,24.577,ALA,200
9525,BM_20226,1829,0.996,25.233,25.233,ASP,200
9526,BM_20226,1829.2,0.976,26.028,26.028,ASP,200
9527,BM_20226,1828.8,0.976,26.877,26.877,ASP,200
9525,BM_20226,2092.7,1.347,27.892,27.892,GLU,200
9526,BM_20226,2093.3,1.311,30.376,30.376,GLU,200
9527,BM_20226,2092.7,1.322,28.553,28.553,GLU,200
9525,BM_20226,1366.2,7.293,11.211,11.211,GLY,200
9526,BM_20226,1366.9,7.464,10.439,10.439,GLY,200
9527,BM_20226,1366.4,7.471,10.51,10.51,GLY,200
9525,BM_20226,1488.3,0.533,24.138,24.138,LEU,200
9526,BM_20226,1488.9,0.654,26.371,26.371,LEU,200
9527,BM_20226,1488.3,0.652,27.006,27.006,LEU,200
9525,BM_20226,1550.2,0.973,11.752,11.752,NLE,200
9526,BM_20226,1550.8,0.976,10.966,10.966,NLE,200
9527,BM_20226,1550.4,0.982,12.998,12.998,NLE,200
9525,BM_20226,1418.7,0.515,23.763,23.763,VAL,200
9526,BM_20226,1419.3,0.509,26.957,26.957,VAL,200
9527,BM_20226,1418.7,0.52,25.294,25.294,VAL,200
9532,BM_32053,1295.8,4.87,24.655,24.655,ALA,200
9533,BM_32053,1296.2,4.844,24.353,24.353,ALA,200
9534,BM_32053,1295.8,4.835,24.692,24.692,ALA,200
9532,BM_32053,1832.7,1.868,25.397,25.397,ASP,200
9533,BM_32053,1832.9,1.849,25.847,25.847,ASP,200
9534,BM_32053,1832.5,1.836,24.595,24.595,ASP,200
9532,BM_32053,2097.1,2.639,29.17,29.17,GLU,200
9533,BM_32053,2097.3,2.61,29.474,29.474,GLU,200
9534,BM_32053,2096.9,2.587,29.059,29.059,GLU,200
9532,BM_32053,1372.3,18.628,9.988,9.988,GLY,200
9533,BM_32053,1372.7,18.625,10.077,10.077,GLY,200
9534,BM_32053,1372.3,18.625,10.195,10.195,GLY,200
9532,BM_32053,1489.1,1.294,26.187,26.187,LEU,200
9533,BM_32053,1489.8,1.277,26.117,26.117,LEU,200
9534,BM_32053,1489.1,1.269,25.48,25.48,LEU,200
9532,BM_32053,1549.9,0.725,18.24,18.24,NLE,200
9533,BM_32053,1550.4,0.711,16.046,16.046,NLE,200
9534,BM_32053,1549.9,0.706,17.371,17.371,NLE,200
9532,BM_32053,1419.9,1.566,25.253,25.253,VAL,200
9533,BM_32053,1420.6,1.579,24.624,24.624,VAL,200
9534,BM_32053,1419.9,0.894,27.313,27.313,VAL,200
9536,BM_34960,1296.2,5.105,23.121,23.121,ALA,200
9537,BM_34960,1295.6,5.11,23.356,23.356,ALA,200
9538,BM_34960,1296,5.066,23.087,23.087,ALA,200
9536,BM_34960,1834.8,2.458,25.349,25.349,ASP,200
9537,BM_34960,1834.2,2.435,25.022,25.022,ASP,200
9538,BM_34960,1834.6,2.393,25.847,25.847,ASP,200
9536,BM_34960,2099.4,3.547,28.602,28.602,GLU,200
9537,BM_34960,2099.2,3.51,29.616,29.616,GLU,200
9538,BM_34960,2099.6,3.436,29.515,29.515,GLU,200
9536,BM_34960,1372.1,19.756,9.445,9.445,GLY,200
9537,BM_34960,1371.7,19.683,9.491,9.491,GLY,200
9538,BM_34960,1371.9,19.553,9.72,9.72,GLY,200
9536,BM_34960,1490.2,2.008,25.115,25.115,LEU,200
9537,BM_34960,1489.8,1.989,25.778,25.778,LEU,200
9538,BM_34960,1490.2,1.967,25.568,25.568,LEU,200
9536,BM_34960,1550.2,0.681,14.976,14.976,NLE,200
9537,BM_34960,1549.7,0.666,14.612,14.612,NLE,200
9538,BM_34960,1550.2,0.643,19.954,19.954,NLE,200
9536,BM_34960,1420.4,1.885,23.825,23.825,VAL,200
9537,BM_34960,1419.7,1.892,23.544,23.544,VAL,200
9538,BM_34960,1420.4,1.886,23.92,23.92,VAL,200
9543,BM_34983,1297.3,6.914,24.431,24.431,ALA,200
9544,BM_34983,1297.1,6.724,24.064,24.064,ALA,200
9545,BM_34983,1296.8,6.7,24.095,24.095,ALA,200
9543,BM_34983,1862.4,1.829,18.238,18.238,ASP,200
9544,BM_34983,1835.4,2.503,24.063,24.063,ASP,200
9545,BM_34983,1835.4,2.51,23.886,23.886,ASP,200
9543,BM_34983,2206.2,0.601,11.74,11.74,GLU,200
9544,BM_34983,2099.6,3.373,28.204,28.204,GLU,200
9545,BM_34983,2099.6,3.372,27.078,27.078,GLU,200
9543,BM_34983,1374.6,24.827,10.594,10.594,GLY,200
9544,BM_34983,1374.4,24.285,10.672,10.672,GLY,200
9545,BM_34983,1374,24.442,10.666,10.666,GLY,200
9543,BM_34983,1490,1.528,25.11,25.11,LEU,200
9544,BM_34983,1489.8,1.454,25.205,25.205,LEU,200
9545,BM_34983,1489.3,1.452,25.751,25.751,LEU,200
9543,BM_34983,1549.9,0.565,13.708,13.708,NLE,200
9544,BM_34983,1549.7,0.529,17.024,17.024,NLE,200
9545,BM_34983,1549.5,0.527,18.437,18.437,NLE,200
9543,BM_34983,1420.8,2.13,22.285,22.285,VAL,200
9544,BM_34983,1420.8,2.098,21.804,21.804,VAL,200
9545,BM_34983,1420.4,2.13,21.474,21.474,VAL,200
9546,BM_34991,1293.7,1.872,23.051,23.051,ALA,200
9547,BM_34991,1294.5,1.838,23.914,23.914,ALA,200
9548,BM_34991,1293.9,1.876,27.608,27.608,ALA,200
9546,BM_34991,1830,0.965,26.053,26.053,ASP,200
9547,BM_34991,1830.4,0.971,25.385,25.385,ASP,200
9548,BM_34991,1829.8,0.976,26.177,26.177,ASP,200
9546,BM_34991,2094.2,1.366,28.185,28.185,GLU,200
9547,BM_34991,2095,1.359,28.144,28.144,GLU,200
9548,BM_34991,2094.4,1.364,27.611,27.611,GLU,200
9546,BM_34991,1367.7,8.587,10.376,10.376,GLY,200
9547,BM_34991,1368.5,8.399,10.299,10.299,GLY,200
9548,BM_34991,1367.7,8.417,10.235,10.235,GLY,200
9546,BM_34991,1488.7,0.852,23.683,23.683,LEU,200
9547,BM_34991,1489.3,0.843,24.474,24.474,LEU,200
9548,BM_34991,1488.7,0.849,24.585,24.585,LEU,200
9546,BM_34991,1550.6,1.076,14.23,14.23,NLE,200
9547,BM_34991,1551.4,1.06,14.482,14.482,NLE,200
9548,BM_34991,1550.8,1.072,13.274,13.274,NLE,200
9546,BM_34991,1418.9,0.45,25.405,25.405,VAL,200
9547,BM_34991,1419.7,0.446,26.206,26.206,VAL,200
9548,BM_34991,1418.9,0.452,26.15,26.15,VAL,200
9539,BM_35015,1296.6,6.1,23.924,23.924,ALA,200
9540,BM_35015,1297.1,6.002,24.132,24.132,ALA,200
9541,BM_35015,1297.5,5.856,23.739,23.739,ALA,200
9539,BM_35015,1835,2.657,24.468,24.468,ASP,200
9540,BM_35015,1835.6,2.588,24.25,24.25,ASP,200
9541,BM_35015,1835.9,2.561,25.73,25.73,ASP,200
9539,BM_35015,2100,3.949,27.611,27.611,GLU,200
9540,BM_35015,2100.4,3.837,27.887,27.887,GLU,200
9541,BM_35015,2100.9,3.783,27.837,27.837,GLU,200
9539,BM_35015,1373.8,25.241,10.238,10.238,GLY,200
9540,BM_35015,1374.6,24.891,10.557,10.557,GLY,200
9541,BM_35015,1375.2,24.662,10.541,10.541,GLY,200
9539,BM_35015,1490.2,2.271,24.771,24.771,LEU,200
9540,BM_35015,1490.6,2.218,24.957,24.957,LEU,200
9541,BM_35015,1491,2.187,24.692,24.692,LEU,200
9539,BM_35015,1550.4,1.077,15.15,15.15,NLE,200
9540,BM_35015,1550.8,1.038,14.751,14.751,NLE,200
9541,BM_35015,1551.2,1.033,14.518,14.518,NLE,200
9539,BM_35015,1420.6,2.259,24.307,24.307,VAL,200
9540,BM_35015,1421,2.331,23.448,23.448,VAL,200
9541,BM_35015,1421.4,2.311,23.185,23.185,VAL,200
9522,BM_80774,1297.1,6.905,23.237,23.237,ALA,200
9523,BM_80774,1297.3,6.242,23.378,23.378,ALA,200
9524,BM_80774,1296.8,6.221,23.517,23.517,ALA,200
9522,BM_80774,1835.4,2.695,23.912,23.912,ASP,200
9523,BM_80774,1835.4,2.73,24.464,24.464,ASP,200
9524,BM_80774,1834.8,2.688,24.351,24.351,ASP,200
9522,BM_80774,2100.9,4.103,27.929,27.929,GLU,200
9523,BM_80774,2101.1,4.085,27.597,27.597,GLU,200
9524,BM_80774,2100,3.938,27.351,27.351,GLU,200
9522,BM_80774,1373.5,25.372,8.413,8.413,GLY,200
9523,BM_80774,1374,23.597,8.721,8.721,GLY,200
9524,BM_80774,1373.3,23.256,8.476,8.476,GLY,200
9522,BM_80774,1490.8,2.343,24.252,24.252,LEU,200
9523,BM_80774,1491,2.185,24.324,24.324,LEU,200
9524,BM_80774,1490.8,2.201,23.993,23.993,LEU,200
9522,BM_80774,1551,1.028,21.851,21.851,NLE,200
9523,BM_80774,1551.2,0.973,21.681,21.681,NLE,200
9524,BM_80774,1551,0.988,20.554,20.554,NLE,200
9522,BM_80774,2206.8,0.915,10.753,10.753,PHE,200
9523,BM_80774,2207.2,0.919,10.249,10.249,PHE,200
9524,BM_80774,2206.6,0.898,12.483,12.483,PHE,200
9522,BM_80774,1421,1.369,27.238,27.238,VAL,200
9523,BM_80774,1421.4,1.76,26.746,26.746,VAL,200
9524,BM_80774,1421,1.323,26.259,26.259,VAL,200
9529,BM_82370,1296,3.761,23.037,23.037,ALA,200
9530,BM_82370,1296,3.714,23.232,23.232,ALA,200
9531,BM_82370,1295.2,3.648,23.074,23.074,ALA,200
9529,BM_82370,1832.1,1.601,23.888,23.888,ASP,200
9530,BM_82370,1832.3,1.579,23.69,23.69,ASP,200
9531,BM_82370,1831.5,1.565,23.973,23.973,ASP,200
9529,BM_82370,2097.1,2.427,27.69,27.69,GLU,200
9530,BM_82370,2097.1,2.42,27.139,27.139,GLU,200
9531,BM_82370,2096.3,2.403,26.488,26.488,GLU,200
9529,BM_82370,1371.2,14.627,11.634,11.634,GLY,200
9530,BM_82370,1371.2,14.57,11.576,11.576,GLY,200
9531,BM_82370,1370.2,14.545,11.734,11.734,GLY,200
9529,BM_82370,1490.2,1.383,25.178,25.178,LEU,200
9530,BM_82370,1490.2,1.369,24.157,24.157,LEU,200
9531,BM_82370,1489.3,1.352,23.633,23.633,LEU,200
9529,BM_82370,1551,0.824,17.059,17.059,NLE,200
9530,BM_82370,1551,0.812,18.306,18.306,NLE,200
9531,BM_82370,1550.2,0.799,17.94,17.94,NLE,200
9529,BM_82370,1420.6,0.863,25.86,25.86,VAL,200
9530,BM_82370,1420.6,1.306,24.142,24.142,VAL,200
9531,BM_82370,1419.7,1.306,24.89,24.89,VAL,200
,,,,,,,
,,,,,,,
,,,,,,,
,,,,,,,
,,,,,,,
,,,,,,,
,,,,,,,
,,,,,,,
,,,,,,,
,,,,,,,
,,,,,,,
,,,,,,,
,,,,,,,
,,,,,,,
,,,,,,,
,,,,,,,
,,,,,,,
,,,,,,,
,,,,,,,
,,,,,,,
,,,,,,,
,,,,,,,
,,,,,,,
,,,,,,,
,,,,,,,
,,,,,,,
,,,,,,,
,,,,,,,
,,,,,,,
,,,,,,,
,,,,,,,
,,,,,,,
,,,,,,,
,,,,,,,
,,,,,,,
,,,,,,,
,,,,,,,
,,,,,,,
,,,,,,,
,,,,,,,
,,,,,,,
,,,,,,,
,,,,,,,
,,,,,,,
,,,,,,,
,,,,,,,
,,,,,,,
,,,,,,,
,,,,,,,
,,,,,,,
,,,,,,,
,,,,,,,
,,,,,,,
,,,,,,,
,,,,,,,
,,,,,,,
,,,,,,,
,,,,,,,
,,,,,,,
,,,,,,,
,,,,,,,
,,,,,,,
,,,,,,,
,,,,,,,
,,,,,,,
,,,,,,,
,,,,,,,
,,,,,,,
,,,,,,,
,,,,,,,
,,,,,,,
,,,,,,,
,,,,,,,
,,,,,,,
,,,,,,,
,,,,,,,
,,,,,,,
,,,,,,,
,,,,,,,
,,,,,,,
,,,,,,,
,,,,,,,
,,,,,,,
,,,,,,,
,,,,,,,
,,,,,,,
,,,,,,,
,,,,,,,
,,,,,,,
,,,,,,,
,,,,,,,
,,,,,,,
,,,,,,,
,,,,,,,
,,,,,,,
,,,,,,,
,,,,,,,
,,,,,,,
,,,,,,,
,,,,,,,
,,,,,,,
,,,,,,,
,,,,,,,
,,,,,,,
,,,,,,,
,,,,,,,
,,,,,,,
,,,,,,,
,,,,,,,
,,,,,,,
,,,,,,,
,,,,,,,
,,,,,,,
,,,,,,,
,,,,,,,
,,,,,,,
,,,,,,,
,,,,,,,
,,,,,,,
,,,,,,,
,,,,,,,
,,,,,,,
,,,,,,,
,,,,,,,
,,,,,,,
,,,,,,,
,,,,,,,
,,,,,,,
,,,,,,,
,,,,,,,
,,,,,,,
,,,,,,,
,,,,,,,
,,,,,,,
,,,,,,,
,,,,,,,
,,,,,,,
,,,,,,,
,,,,,,,
,,,,,,,
,,,,,,,
,,,,,,,
,,,,,,,
,,,,,,,
,,,,,,,
,,,,,,,
,,,,,,,
,,,,,,,
,,,,,,,
,,,,,,,
,,,,,,,
,,,,,,,
,,,,,,,
,,,,,,,
,,,,,,,
,,,,,,,
,,,,,,,
,,,,,,,
,,,,,,,
,,,,,,,
,,,,,,,
,,,,,,,
,,,,,,,
,,,,,,,
,,,,,,,
,,,,,,,
,,,,,,,
,,,,,,,
,,,,,,,
,,,,,,,
,,,,,,,
,,,,,,,
,,,,,,,
,,,,,,,
,,,,,,,
,,,,,,,
,,,,,,,
,,,,,,,
,,,,,,,
,,,,,,,
,,,,,,,
,,,,,,,
,,,,,,,
,,,,,,,
,,,,,,,
,,,,,,,
,,,,,,,
,,,,,,,
,,,,,,,
,,,,,,,
,,,,,,,
,,,,,,,
,,,,,,,
,,,,,,,
,,,,,,,
,,,,,,,
,,,,,,,
,,,,,,,
,,,,,,,
,,,,,,,
,,,,,,,
,,,,,,,
,,,,,,,
,,,,,,,
,,,,,,,
,,,,,,,
,,,,,,,
,,,,,,,
,,,,,,,
,,,,,,,
,,,,,,,
,,,,,,,
,,,,,,,
,,,,,,,
,,,,,,,
,,,,,,,
,,,,,,,
,,,,,,,
,,,,,,,
,,,,,,,
,,,,,,,
,,,,,,,
,,,,,,,
,,,,,,,
,,,,,,,
,,,,,,,
,,,,,,,
,,,,,,,
,,,,,,,
,,,,,,,
,,,,,,,
,,,,,,,
,,,,,,,
,,,,,,,
,,,,,,,
,,,,,,,
,,,,,,,
,,,,,,,
,,,,,,,
,,,,,,,
,,,,,,,
,,,,,,,
,,,,,,,
,,,,,,,
,,,,,,,
,,,,,,,
,,,,,,,
,,,,,,,
,,,,,,,
,,,,,,,
,,,,,,,
,,,,,,,
,,,,,,,
,,,,,,,
,,,,,,,
,,,,,,,
,,,,,,,
,,,,,,,
,,,,,,,
,,,,,,,
,,,,,,,
,,,,,,,
,,,,,,,
,,,,,,,
,,,,,,,
,,,,,,,
,,,,,,,
,,,,,,,
,,,,,,,
,,,,,,,
,,,,,,,
,,,,,,,
,,,,,,,
,,,,,,,
,,,,,,,
,,,,,,,
,,,,,,,
,,,,,,,
,,,,,,,
,,,,,,,
,,,,,,,
,,,,,,,
,,,,,,,
,,,,,,,
,,,,,,,
,,,,,,,
,,,,,,,
,,,,,,,
,,,,,,,
,,,,,,,
,,,,,,,
,,,,,,,
,,,,,,,
,,,,,,,
,,,,,,,
,,,,,,,
,,,,,,,
,,,,,,,
,,,,,,,
,,,,,,,
,,,,,,,
,,,,,,,
,,,,,,,
,,,,,,,
,,,,,,,
,,,,,,,
,,,,,,,
,,,,,,,
,,,,,,,
,,,,,,,
,,,,,,,
,,,,,,,
,,,,,,,
,,,,,,,
,,,,,,,
,,,,,,,
,,,,,,,
,,,,,,,
,,,,,,,
,,,,,,,
,,,,,,,
,,,,,,,
,,,,,,,
,,,,,,,
,,,,,,,
,,,,,,,
,,,,,,,
,,,,,,,
,,,,,,,
,,,,,,,
,,,,,,,
,,,,,,,
,,,,,,,
,,,,,,,
,,,,,,,
,,,,,,,
,,,,,,,
,,,,,,,
,,,,,,,
,,,,,,,
,,,,,,,
,,,,,,,
,,,,,,,
,,,,,,,
,,,,,,,
,,,,,,,
,,,,,,,
,,,,,,,
,,,,,,,
,,,,,,,
,,,,,,,
,,,,,,,
,,,,,,,
,,,,,,,
,,,,,,,
,,,,,,,
,,,,,,,
,,,,,,,
,,,,,,,
,,,,,,,
,,,,,,,
,,,,,,,
,,,,,,,
,,,,,,,
,,,,,,,
,,,,,,,
,,,,,,,
,,,,,,,
,,,,,,,
,,,,,,,
,,,,,,,
,,,,,,,
,,,,,,,
,,,,,,,
,,,,,,,
,,,,,,,
,,,,,,,
,,,,,,,
,,,,,,,
,,,,,,,
,,,,,,,
,,,,,,,
,,,,,,,
,,,,,,,
,,,,,,,
,,,,,,,
,,,,,,,
,,,,,,,
,,,,,,,
,,,,,,,
,,,,,,,
,,,,,,,
,,,,,,,
,,,,,,,
,,,,,,,
,,,,,,,
,,,,,,,
,,,,,,,
,,,,,,,
,,,,,,,
,,,,,,,
,,,,,,,
,,,,,,,
,,,,,,,
,,,,,,,
,,,,,,,
,,,,,,,
,,,,,,,
,,,,,,,
,,,,,,,
,,,,,,,
,,,,,,,
,,,,,,,
,,,,,,,
,,,,,,,
,,,,,,,
,,,,,,,
,,,,,,,
,,,,,,,
,,,,,,,
,,,,,,,
,,,,,,,
,,,,,,,
,,,,,,,
,,,,,,,
,,,,,,,
,,,,,,,
