Analysis,12AA,Rt,Area All,d 29N2/28N2,d 15N/14N,AA_ID,Conc
9348,12AA,1293.3,1.774,-1.174,-1.174,ALA,100
9349,12AA,1293.7,2.257,-0.147,-0.147,ALA,100
9350,12AA,1293.3,2.254,-0.726,-0.726,ALA,100
9357,12AA,1292.7,1.83,-1.792,-1.792,ALA,100
9364,12AA,1294.1,1.609,-1.443,-1.443,ALA,100
9371,12AA,1294.5,1.52,1.074,1.074,ALA,100
9378,12AA,1293.7,1.589,2.06,2.06,ALA,100
9379,12AA,1293.9,1.594,0.734,0.734,ALA,100
9348,12AA,1830.6,1.859,-10.555,-10.555,ASP,100
9349,12AA,1831.3,2.12,-9.91,-9.91,ASP,100
9350,12AA,1831,1.98,-9.29,-9.29,ASP,100
9357,12AA,1830.2,1.505,-11.696,-11.696,ASP,100
9364,12AA,1832.1,1.395,-9.763,-9.763,ASP,100
9371,12AA,1832.7,1.345,-9.07,-9.07,ASP,100
9378,12AA,1831.9,1.403,-8.587,-8.587,ASP,100
9379,12AA,1831.9,1.384,-8.2,-8.2,ASP,100
9348,12AA,2093.6,2.025,-1.994,-1.994,GLU,100
9349,12AA,2094.4,2.2,-2.058,-2.058,GLU,100
9350,12AA,2094,2.067,-2.971,-2.971,GLU,100
9357,12AA,2092.9,1.697,-3.483,-3.483,GLU,100
9364,12AA,2095,1.546,-2.834,-2.834,GLU,100
9371,12AA,2095.6,1.422,-2.3,-2.3,GLU,100
9378,12AA,2094.8,1.487,-0.536,-0.536,GLU,100
9379,12AA,2094.8,1.46,-1.475,-1.475,GLU,100
9348,12AA,1361.2,2.152,4.285,4.285,GLY,100
9349,12AA,1361.6,2.429,4.43,4.43,GLY,100
9350,12AA,1361.2,2.403,4.549,4.549,GLY,100
9357,12AA,1360.6,1.912,2.758,2.758,GLY,100
9364,12AA,1362.1,1.686,3.24,3.24,GLY,100
9371,12AA,1362.7,1.583,4.025,4.025,GLY,100
9378,12AA,1361.8,1.65,4.587,4.587,GLY,100
9379,12AA,1362.1,1.64,5.648,5.648,GLY,100
9348,12AA,1512.7,2.262,-0.864,-0.864,ILE,100
9349,12AA,1513,2.588,-1.324,-1.324,ILE,100
9350,12AA,1512.7,2.523,-1.36,-1.36,ILE,100
9357,12AA,1512.1,1.91,-2.946,-2.946,ILE,100
9364,12AA,1513.4,1.742,-2.012,-2.012,ILE,100
9371,12AA,1513.8,1.622,0.3,0.3,ILE,100
9378,12AA,1513,1.705,0.623,0.623,ILE,100
9379,12AA,1513.2,1.681,0.061,0.061,ILE,100
9348,12AA,1549.9,1.102,13.029,13.029,NLE,100
9349,12AA,1550.4,1.285,13.257,13.257,NLE,100
9350,12AA,1549.9,1.227,13.245,13.245,NLE,100
9357,12AA,1549.3,0.851,12.655,12.655,NLE,100
9364,12AA,1550.8,0.768,13.758,13.758,NLE,100
9371,12AA,1551.2,0.703,14.379,14.379,NLE,100
9378,12AA,1550.4,0.74,15.111,15.111,NLE,100
9379,12AA,1550.6,0.74,16.186,16.186,NLE,100
9348,12AA,2208.5,2.436,3.183,3.183,PHE,100
9349,12AA,2208.7,2.586,3.082,3.082,PHE,100
9350,12AA,2208.5,2.413,3.143,3.143,PHE,100
9357,12AA,2207.9,2.015,2.055,2.055,PHE,100
9364,12AA,2209.3,1.801,3.584,3.584,PHE,100
9371,12AA,2210,1.697,2.752,2.752,PHE,100
9378,12AA,2209.1,1.751,4.193,4.193,PHE,100
9379,12AA,2209.3,1.706,3.418,3.418,PHE,100
9348,12AA,1747.9,1.703,-5.542,-5.542,PRO,100
9349,12AA,1748.3,1.819,-5.624,-5.624,PRO,100
9350,12AA,1748.1,1.73,-5.154,-5.154,PRO,100
9357,12AA,1747.2,1.358,-6.898,-6.898,PRO,100
9364,12AA,1749.1,1.195,-6.336,-6.336,PRO,100
9371,12AA,1749.5,1.059,-4.579,-4.579,PRO,100
9378,12AA,1748.7,1.096,-4.577,-4.577,PRO,100
9379,12AA,1748.9,1.085,-2.972,-2.972,PRO,100
9348,12AA,1858.2,1.624,1.195,1.195,SER,100
9349,12AA,1858.8,1.809,1.021,1.021,SER,100
9350,12AA,1858.6,1.669,0.324,0.324,SER,100
9357,12AA,1857.8,1.413,-1.575,-1.575,SER,100
9364,12AA,1859.9,1.141,0.407,0.407,SER,100
9371,12AA,1860.5,1.311,-0.995,-0.995,SER,100
9378,12AA,1859.7,1.129,-0.066,-0.066,SER,100
9379,12AA,1859.7,1.316,0.299,0.299,SER,100
9348,12AA,1795.3,1.466,-1.069,-1.069,THR,100
9349,12AA,1795.9,1.659,-1.906,-1.906,THR,100
9350,12AA,1795.7,1.552,-3.098,-3.098,THR,100
9357,12AA,1794.9,1.187,-3.191,-3.191,THR,100
9364,12AA,1796.8,1.079,-3.126,-3.126,THR,100
9371,12AA,1797.2,1.021,0.126,0.126,THR,100
9378,12AA,1796.6,1.076,-2.392,-2.392,THR,100
9379,12AA,1796.6,1.069,-0.228,-0.228,THR,100
9348,12AA,2615,1.646,4.681,4.681,TYR,100
9349,12AA,2615.2,1.737,4.397,4.397,TYR,100
9350,12AA,2614.8,1.58,4.215,4.215,TYR,100
9357,12AA,2614.4,1.267,3.716,3.716,TYR,100
9364,12AA,2615.6,1.194,3.903,3.903,TYR,100
9371,12AA,2616.3,1.116,5.132,5.132,TYR,100
9378,12AA,2615.4,1.124,6.568,6.568,TYR,100
9379,12AA,2615.4,1.116,4.195,4.195,TYR,100
9348,12AA,1419.9,1.752,3.868,3.868,VAL,100
9349,12AA,1420.2,2.164,2.614,2.614,VAL,100
9350,12AA,1419.9,2.101,1.831,1.831,VAL,100
9357,12AA,1419.3,1.654,1.081,1.081,VAL,100
9364,12AA,1420.8,1.488,1.841,1.841,VAL,100
9371,12AA,1421,1.367,2.466,2.466,VAL,100
9378,12AA,1420.2,1.442,2.686,2.686,VAL,100
9379,12AA,1420.4,1.434,3.017,3.017,VAL,100
9358,BM_51206,1296.8,7.303,23.216,23.216,ALA,100
9359,BM_51206,1297.1,7.277,23.012,23.012,ALA,100
9360,BM_51206,1297.1,7.129,22.935,22.935,ALA,100
9358,BM_51206,1836.1,3.234,24.92,24.92,ASP,100
9359,BM_51206,1836.3,3.214,25.937,25.937,ASP,100
9360,BM_51206,1836.1,3.143,25.371,25.371,ASP,100
9358,BM_51206,2102.5,5.55,29.16,29.16,GLU,100
9359,BM_51206,2103,5.465,28.37,28.37,GLU,100
9360,BM_51206,2102.5,5.321,29.337,29.337,GLU,100
9358,BM_51206,1376.5,29.577,8.144,8.144,GLY,100
9359,BM_51206,1376.9,29.47,8.154,8.154,GLY,100
9360,BM_51206,1376.5,28.962,8.25,8.25,GLY,100
9358,BM_51206,1511.3,0.714,29.602,29.602,ILE,100
9359,BM_51206,1511.5,0.706,27.322,27.322,ILE,100
9360,BM_51206,1511.3,0.689,30.379,30.379,ILE,100
9358,BM_51206,1490.8,2.56,26.921,26.921,LEU,100
9359,BM_51206,1491,2.529,26.457,26.457,LEU,100
9360,BM_51206,1490.8,2.466,27.64,27.64,LEU,100
9358,BM_51206,1549.9,0.837,13.357,13.357,NLE,100
9359,BM_51206,1550.2,0.825,13.529,13.529,NLE,100
9360,BM_51206,1549.9,0.796,13.67,13.67,NLE,100
9358,BM_51206,2207,1.214,11.819,11.819,PHE,100
9359,BM_51206,2207.2,1.184,11.112,11.112,PHE,100
9360,BM_51206,2207,1.149,12.336,12.336,PHE,100
9358,BM_51206,1755.2,6.039,25.144,25.144,PRO,100
9359,BM_51206,1755.4,5.939,25.336,25.336,PRO,100
9360,BM_51206,1755.4,5.775,25.156,25.156,PRO,100
9358,BM_51206,1863.2,2.659,17.044,17.044,SER,100
9359,BM_51206,1863.4,2.651,17.113,17.113,SER,100
9360,BM_51206,1863.2,2.592,17.208,17.208,SER,100
9358,BM_51206,1794.9,0.843,-33.466,-33.466,THR,100
9359,BM_51206,1795.3,0.834,-33.133,-33.133,THR,100
9360,BM_51206,1795.1,0.81,-33.906,-33.906,THR,100
9358,BM_51206,1421,2.828,19.647,19.647,VAL,100
9359,BM_51206,1421.2,2.811,19.43,19.43,VAL,100
9360,BM_51206,1421,2.538,21.485,21.485,VAL,100
9372,BM_80772,1297.7,6.433,22.839,22.839,ALA,100
9373,BM_80772,1297.3,6.46,23.122,23.122,ALA,100
9374,BM_80772,1297.7,6.468,23.067,23.067,ALA,100
9372,BM_80772,1838.8,3.664,26.346,26.346,ASP,100
9373,BM_80772,1838.6,3.65,25.632,25.632,ASP,100
9374,BM_80772,1839,3.607,25.567,25.567,ASP,100
9372,BM_80772,2104.6,5.543,29.243,29.243,GLU,100
9373,BM_80772,2104.2,5.582,29.121,29.121,GLU,100
9374,BM_80772,2104.8,5.554,28.993,28.993,GLU,100
9372,BM_80772,1377.7,28.273,8.183,8.183,GLY,100
9373,BM_80772,1377.1,28.428,8.218,8.218,GLY,100
9374,BM_80772,1377.5,28.512,8.24,8.24,GLY,100
9372,BM_80772,1512.3,0.767,26.261,26.261,ILE,100
9373,BM_80772,1511.9,0.769,26.046,26.046,ILE,100
9374,BM_80772,1512.3,0.766,26.978,26.978,ILE,100
9372,BM_80772,1491.8,2.786,24.724,24.724,LEU,100
9373,BM_80772,1491.6,2.79,24.408,24.408,LEU,100
9374,BM_80772,1491.8,2.76,24.939,24.939,LEU,100
9372,BM_80772,1551,0.826,13.509,13.509,NLE,100
9373,BM_80772,1550.6,0.817,13.592,13.592,NLE,100
9374,BM_80772,1551,0.801,12.281,12.281,NLE,100
9372,BM_80772,2208.9,1.197,12.393,12.393,PHE,100
9373,BM_80772,2208.7,1.188,12.3,12.3,PHE,100
9374,BM_80772,2209.1,1.174,13.192,13.192,PHE,100
9372,BM_80772,1753.1,3.248,24.804,24.804,PRO,100
9373,BM_80772,1752.7,3.291,25.657,25.657,PRO,100
9374,BM_80772,1753.1,3.275,25.138,25.138,PRO,100
9372,BM_80772,1866,2.979,16.956,16.956,SER,100
9373,BM_80772,1865.5,2.963,15.52,15.52,SER,100
9374,BM_80772,1866,2.943,16.545,16.545,SER,100
9372,BM_80772,1797,1.022,-21.31,-21.31,THR,100
9373,BM_80772,1796.6,1.021,-21.047,-21.047,THR,100
9374,BM_80772,1797.2,1.005,-21.239,-21.239,THR,100
9372,BM_80772,1422,2.545,19.78,19.78,VAL,100
9373,BM_80772,1421.6,2.527,19.235,19.235,VAL,100
9374,BM_80772,1422,2.93,16.496,16.496,VAL,100
9361,BM_80776,1296.6,6.651,22.85,22.85,ALA,100
9362,BM_80776,1296.2,6.557,22.724,22.724,ALA,100
9363,BM_80776,1296.8,6.44,22.829,22.829,ALA,100
9361,BM_80776,1837.7,3.834,22.811,22.811,ASP,100
9362,BM_80776,1837.5,3.829,23.263,23.263,ASP,100
9363,BM_80776,1838.2,3.772,23.553,23.553,ASP,100
9361,BM_80776,2103.4,5.881,27.049,27.049,GLU,100
9362,BM_80776,2103.4,5.8,26.535,26.535,GLU,100
9363,BM_80776,2104,5.7,27.335,27.335,GLU,100
9361,BM_80776,1376.7,29.931,10.491,10.491,GLY,100
9362,BM_80776,1376.7,29.613,10.575,10.575,GLY,100
9363,BM_80776,1377.1,29.197,10.766,10.766,GLY,100
9361,BM_80776,1511.5,0.783,24.937,24.937,ILE,100
9362,BM_80776,1511.1,0.771,24.096,24.096,ILE,100
9363,BM_80776,1511.7,0.76,25.814,25.814,ILE,100
9361,BM_80776,1491.2,2.968,24.822,24.822,LEU,100
9362,BM_80776,1491,2.928,24.376,24.376,LEU,100
9363,BM_80776,1491.4,2.87,25.451,25.451,LEU,100
9361,BM_80776,1550.4,1.098,13.998,13.998,NLE,100
9362,BM_80776,1550.2,1.097,13.861,13.861,NLE,100
9363,BM_80776,1550.8,1.077,14.405,14.405,NLE,100
9361,BM_80776,2207.9,1.312,12.777,12.777,PHE,100
9362,BM_80776,2207.7,1.297,13.095,13.095,PHE,100
9363,BM_80776,2208.3,1.255,12.481,12.481,PHE,100
9361,BM_80776,1756.4,7.043,25.547,25.547,PRO,100
9362,BM_80776,1756.4,6.945,25.509,25.509,PRO,100
9363,BM_80776,1756.9,6.762,26.103,26.103,PRO,100
9361,BM_80776,1863.2,2.433,17.682,17.682,SER,100
9362,BM_80776,1863.2,2.441,18.34,18.34,SER,100
9363,BM_80776,1863.7,2.397,17.719,17.719,SER,100
9361,BM_80776,1795.1,0.784,-31.786,-31.786,THR,100
9362,BM_80776,1795.1,0.78,-32.157,-32.157,THR,100
9363,BM_80776,1795.7,0.762,-31.736,-31.736,THR,100
9361,BM_80776,1421,2.629,22.35,22.35,VAL,100
9362,BM_80776,1420.6,2.618,22.204,22.204,VAL,100
9363,BM_80776,1421.4,2.563,22.276,22.276,VAL,100
9351,BM_80777,1303.3,19.583,22.736,22.736,ALA,100
9352,BM_80777,1302.7,18.86,22.691,22.691,ALA,100
9353,BM_80777,1303.3,17.845,22.449,22.449,ALA,100
9351,BM_80777,1846.3,9.135,23.673,23.673,ASP,100
9352,BM_80777,1846.7,8.801,23.667,23.667,ASP,100
9353,BM_80777,1847.1,8.716,22.037,22.037,ASP,100
9351,BM_80777,2111.9,13.972,28.645,28.645,GLU,100
9352,BM_80777,2111.9,13.389,28.197,28.197,GLU,100
9353,BM_80777,2111.7,12.818,28.705,28.705,GLU,100
9351,BM_80777,1387.3,64.634,7.323,7.323,GLY,100
9352,BM_80777,1386.9,64.783,7.781,7.781,GLY,100
9353,BM_80777,1387.3,63.742,8.096,8.096,GLY,100
9351,BM_80777,1514.8,1.944,27.684,27.684,ILE,100
9352,BM_80777,1514.6,2.004,26.723,26.723,ILE,100
9353,BM_80777,1514.8,2.266,24.543,24.543,ILE,100
9351,BM_80777,1495.8,7.186,26.126,26.126,LEU,100
9352,BM_80777,1495.6,7.2,25.422,25.422,LEU,100
9353,BM_80777,1496,8.346,22.612,22.612,LEU,100
9351,BM_80777,1553.7,3.111,15.114,15.114,NLE,100
9352,BM_80777,1553.5,3.164,15.2,15.2,NLE,100
9353,BM_80777,1553.9,4.518,9.343,9.343,NLE,100
9351,BM_80777,2212.1,3.543,12.333,12.333,PHE,100
9352,BM_80777,2211.6,3.38,12.219,12.219,PHE,100
9353,BM_80777,2211.6,3.197,12.064,12.064,PHE,100
9351,BM_80777,1755.4,6.351,20.275,20.275,PRO,100
9352,BM_80777,1755.2,6.303,20.243,20.243,PRO,100
9353,BM_80777,1755.4,6.126,19.656,19.656,PRO,100
9351,BM_80777,1873.7,6.412,14.48,14.48,SER,100
9352,BM_80777,1873.7,6.297,15.599,15.599,SER,100
9353,BM_80777,1873.7,6.567,14.206,14.206,SER,100
9351,BM_80777,1800.5,2.616,-24.146,-24.146,THR,100
9352,BM_80777,1800.3,2.507,-25.088,-25.088,THR,100
9353,BM_80777,1800.5,2.383,-26.03,-26.03,THR,100
9351,BM_80777,1427.1,4.821,28.849,28.849,VAL,100
9352,BM_80777,1426.6,6.205,24.764,24.764,VAL,100
9353,BM_80777,1427.1,6.898,24.782,24.782,VAL,100
9354,BM_80778,1301.9,15.622,22.713,22.713,ALA,100
9355,BM_80778,1302.1,15.49,22.845,22.845,ALA,100
9356,BM_80778,1302.3,15.243,22.634,22.634,ALA,100
9354,BM_80778,1843.2,6.408,24.575,24.575,ASP,100
9355,BM_80778,1843.4,6.279,23.295,23.295,ASP,100
9356,BM_80778,1843.6,6.268,24.258,24.258,ASP,100
9354,BM_80778,2108.6,10.569,30.237,30.237,GLU,100
9355,BM_80778,2108.8,10.349,30.381,30.381,GLU,100
9356,BM_80778,2109.2,10.275,30.11,30.11,GLU,100
9354,BM_80778,1388.2,63.11,7.166,7.166,GLY,100
9355,BM_80778,1388.2,62.164,7.089,7.089,GLY,100
9356,BM_80778,1388.6,63.272,7.595,7.595,GLY,100
9354,BM_80778,1513.6,1.373,25.174,25.174,ILE,100
9355,BM_80778,1513.8,1.341,25.403,25.403,ILE,100
9356,BM_80778,1514,1.859,21.766,21.766,ILE,100
9354,BM_80778,1494.6,5.156,24.069,24.069,LEU,100
9355,BM_80778,1494.6,5.071,24.105,24.105,LEU,100
9356,BM_80778,1494.8,7.759,20.929,20.929,LEU,100
9354,BM_80778,1552.2,1.872,9.526,9.526,NLE,100
9355,BM_80778,1552.2,1.926,12.323,12.323,NLE,100
9356,BM_80778,1552.7,4.114,13.54,13.54,NLE,100
9354,BM_80778,2210,2.36,11.667,11.667,PHE,100
9355,BM_80778,2210,2.302,11.735,11.735,PHE,100
9356,BM_80778,2210.4,2.248,11.473,11.473,PHE,100
9354,BM_80778,1762.3,14.799,22.449,22.449,PRO,100
9355,BM_80778,1762.5,14.564,22.059,22.059,PRO,100
9356,BM_80778,1762.9,14.273,22.417,22.417,PRO,100
9354,BM_80778,1869.7,4.624,14.281,14.281,SER,100
9355,BM_80778,1869.9,4.527,13.878,13.878,SER,100
9356,BM_80778,1870.3,4.605,14.473,14.473,SER,100
9354,BM_80778,1798.9,2.604,-12.111,-12.111,THR,100
9355,BM_80778,1799.1,2.619,-11.634,-11.634,THR,100
9356,BM_80778,1799.3,2.554,-11.173,-11.173,THR,100
9354,BM_80778,1425.8,4.499,23.182,23.182,VAL,100
9355,BM_80778,1425.8,4.58,22.796,22.796,VAL,100
9356,BM_80778,1426.2,5.255,22.709,22.709,VAL,100
9365,BM_80785,1296.6,6.469,24.012,24.012,ALA,100
9366,BM_80785,1296,6.433,24.381,24.381,ALA,100
9367,BM_80785,1296.8,6.267,24.609,24.609,ALA,100
9365,BM_80785,1838.8,3.94,25.439,25.439,ASP,100
9366,BM_80785,1838.4,3.991,25.174,25.174,ASP,100
9367,BM_80785,1839.4,3.922,24.585,24.585,ASP,100
9365,BM_80785,2104.4,5.805,28.308,28.308,GLU,100
9366,BM_80785,2103.8,5.874,29.383,29.383,GLU,100
9367,BM_80785,2104.8,5.769,29.156,29.156,GLU,100
9365,BM_80785,1377.1,29.39,8.02,8.02,GLY,100
9366,BM_80785,1376.5,29.518,8.367,8.367,GLY,100
9367,BM_80785,1377.5,29.153,8.529,8.529,GLY,100
9365,BM_80785,1511.3,0.693,28.752,28.752,ILE,100
9366,BM_80785,1510.9,0.698,28.336,28.336,ILE,100
9367,BM_80785,1511.7,0.683,28.932,28.932,ILE,100
9365,BM_80785,1491.2,2.646,27.016,27.016,LEU,100
9366,BM_80785,1490.4,2.648,26.956,26.956,LEU,100
9367,BM_80785,1491.4,2.6,27.309,27.309,LEU,100
9365,BM_80785,1550.2,0.863,13.913,13.913,NLE,100
9366,BM_80785,1549.5,0.864,12.65,12.65,NLE,100
9367,BM_80785,1550.4,0.838,13.841,13.841,NLE,100
9365,BM_80785,2208.1,1.215,13.107,13.107,PHE,100
9366,BM_80785,2207.5,1.211,12.04,12.04,PHE,100
9367,BM_80785,2208.5,1.18,14.087,14.087,PHE,100
9365,BM_80785,1754.6,4.817,26.114,26.114,PRO,100
9366,BM_80785,1754.1,4.789,27.032,27.032,PRO,100
9367,BM_80785,1755,4.67,27.296,27.296,PRO,100
9365,BM_80785,1865.5,2.996,16.509,16.509,SER,100
9366,BM_80785,1865.1,3.047,17.315,17.315,SER,100
9367,BM_80785,1866,2.972,16.278,16.278,SER,100
9365,BM_80785,1796.1,0.991,-30.912,-30.912,THR,100
9366,BM_80785,1795.5,1.008,-30.964,-30.964,THR,100
9367,BM_80785,1796.8,0.982,-30.242,-30.242,THR,100
9365,BM_80785,1421,2.591,19.698,19.698,VAL,100
9366,BM_80785,1420.4,2.46,20.663,20.663,VAL,100
9367,BM_80785,1421.4,2.416,20.754,20.754,VAL,100
9368,BM_82685,1296,4.613,24.022,24.022,ALA,100
9369,BM_82685,1295.8,4.563,24.22,24.22,ALA,100
9370,BM_82685,1296.6,4.528,24.522,24.522,ALA,100
9368,BM_82685,1837.7,3.293,27.193,27.193,ASP,100
9369,BM_82685,1837.9,3.301,27.451,27.451,ASP,100
9370,BM_82685,1838.2,3.269,27.274,27.274,ASP,100
9368,BM_82685,2103.6,4.883,29.166,29.166,GLU,100
9369,BM_82685,2103.6,4.844,29.387,29.387,GLU,100
9370,BM_82685,2104,4.788,29.831,29.831,GLU,100
9368,BM_82685,1374.8,23.414,12.332,12.332,GLY,100
9369,BM_82685,1374.8,23.321,12.448,12.448,GLY,100
9370,BM_82685,1375.4,23.269,12.526,12.526,GLY,100
9368,BM_82685,1511.5,0.641,25.659,25.659,ILE,100
9369,BM_82685,1511.3,0.643,25.588,25.588,ILE,100
9370,BM_82685,1512.1,0.639,25.869,25.869,ILE,100
9368,BM_82685,1491.2,2.38,26.461,26.461,LEU,100
9369,BM_82685,1491,2.372,26.485,26.485,LEU,100
9370,BM_82685,1491.8,2.369,26.321,26.321,LEU,100
9368,BM_82685,1550.4,0.748,13.651,13.651,NLE,100
9369,BM_82685,1550.2,0.746,11.954,11.954,NLE,100
9370,BM_82685,1551,0.736,12.923,12.923,NLE,100
9368,BM_82685,2207.9,1.058,12.384,12.384,PHE,100
9369,BM_82685,2208.1,1.044,13.413,13.413,PHE,100
9370,BM_82685,2208.5,1.023,13.461,13.461,PHE,100
9368,BM_82685,1755,4.384,28.714,28.714,PRO,100
9369,BM_82685,1755,4.339,28.555,28.555,PRO,100
9370,BM_82685,1755.4,4.294,28.652,28.652,PRO,100
9368,BM_82685,1864.5,2.47,20.171,20.171,SER,100
9369,BM_82685,1864.5,2.468,21.793,21.793,SER,100
9370,BM_82685,1864.9,2.416,21.116,21.116,SER,100
9368,BM_82685,1795.7,0.787,-29.324,-29.324,THR,100
9369,BM_82685,1795.7,0.792,-30.038,-30.038,THR,100
9370,BM_82685,1796.4,0.784,-26.922,-26.922,THR,100
9368,BM_82685,1420.8,2.481,19.246,19.246,VAL,100
9369,BM_82685,1420.8,2.355,19.841,19.841,VAL,100
9370,BM_82685,1421.4,2.421,18.799,18.799,VAL,100
9375,SM_25740,1292.5,0.739,20.31,20.31,ALA,100
9376,SM_25740,1292.5,0.712,20.287,20.287,ALA,100
9377,SM_25740,1292.2,0.714,19.606,19.606,ALA,100
9375,SM_25740,1829.6,0.89,25.797,25.797,ASP,100
9376,SM_25740,1829.4,0.88,26.133,26.133,ASP,100
9377,SM_25740,1829.4,0.921,25.892,25.892,ASP,100
9375,SM_25740,2094.2,1.255,27.839,27.839,GLU,100
9376,SM_25740,2094.2,1.24,27.997,27.997,GLU,100
9377,SM_25740,2094.2,1.248,28.471,28.471,GLU,100
9375,SM_25740,1365.4,5.037,12.601,12.601,GLY,100
9376,SM_25740,1365.4,4.947,12.575,12.575,GLY,100
9377,SM_25740,1365.4,4.946,12.534,12.534,GLY,100
9375,SM_25740,1488.3,0.459,24.986,24.986,LEU,100
9376,SM_25740,1488.5,0.454,25.426,25.426,LEU,100
9377,SM_25740,1488.3,0.453,25.077,25.077,LEU,100
9375,SM_25740,1550.2,0.646,11.702,11.702,NLE,100
9376,SM_25740,1550.4,0.64,13.702,13.702,NLE,100
9377,SM_25740,1549.9,0.643,13.42,13.42,NLE,100
9375,SM_25740,2204.3,0.26,12.132,12.132,PHE,100
9376,SM_25740,2204.3,0.261,15.51,15.51,PHE,100
9377,SM_25740,2204.3,0.246,17.985,17.985,PHE,100
9375,SM_25740,1749.5,1.282,29.968,29.968,PRO,100
9376,SM_25740,1749.5,1.231,28.827,28.827,PRO,100
9377,SM_25740,1749.3,1.271,30.08,30.08,PRO,100
,,,,,,,
,,,,,,,
,,,,,,,
,,,,,,,
,,,,,,,
,,,,,,,
,,,,,,,
,,,,,,,
,,,,,,,
,,,,,,,
,,,,,,,
,,,,,,,
,,,,,,,
,,,,,,,
,,,,,,,
,,,,,,,
,,,,,,,
,,,,,,,
,,,,,,,
,,,,,,,
,,,,,,,
,,,,,,,
,,,,,,,
,,,,,,,
,,,,,,,
,,,,,,,
,,,,,,,
,,,,,,,
,,,,,,,
,,,,,,,
,,,,,,,
,,,,,,,
,,,,,,,
,,,,,,,
,,,,,,,
,,,,,,,
,,,,,,,
,,,,,,,
,,,,,,,
,,,,,,,
,,,,,,,
,,,,,,,
,,,,,,,
,,,,,,,
,,,,,,,
,,,,,,,
,,,,,,,
,,,,,,,
,,,,,,,
,,,,,,,
,,,,,,,
,,,,,,,
,,,,,,,
,,,,,,,
,,,,,,,
,,,,,,,
,,,,,,,
,,,,,,,
,,,,,,,
,,,,,,,
,,,,,,,
,,,,,,,
,,,,,,,
,,,,,,,
,,,,,,,
,,,,,,,
,,,,,,,
,,,,,,,
,,,,,,,
,,,,,,,
,,,,,,,
,,,,,,,
,,,,,,,
,,,,,,,
,,,,,,,
,,,,,,,
,,,,,,,
,,,,,,,
,,,,,,,
,,,,,,,
,,,,,,,
,,,,,,,
,,,,,,,
,,,,,,,
,,,,,,,
,,,,,,,
,,,,,,,
,,,,,,,
,,,,,,,
,,,,,,,
,,,,,,,
,,,,,,,
,,,,,,,
,,,,,,,
,,,,,,,
,,,,,,,
,,,,,,,
,,,,,,,
,,,,,,,
,,,,,,,
,,,,,,,
,,,,,,,
,,,,,,,
,,,,,,,
,,,,,,,
,,,,,,,
,,,,,,,
,,,,,,,
,,,,,,,
,,,,,,,
,,,,,,,
,,,,,,,
,,,,,,,
,,,,,,,
,,,,,,,
,,,,,,,
,,,,,,,
,,,,,,,
,,,,,,,
,,,,,,,
,,,,,,,
,,,,,,,
,,,,,,,
,,,,,,,
,,,,,,,
,,,,,,,
,,,,,,,
,,,,,,,
,,,,,,,
,,,,,,,
,,,,,,,
,,,,,,,
,,,,,,,
,,,,,,,
,,,,,,,
,,,,,,,
,,,,,,,
,,,,,,,
,,,,,,,
,,,,,,,
,,,,,,,
,,,,,,,
,,,,,,,
,,,,,,,
,,,,,,,
,,,,,,,
,,,,,,,
,,,,,,,
,,,,,,,
,,,,,,,
,,,,,,,
,,,,,,,
,,,,,,,
,,,,,,,
,,,,,,,
,,,,,,,
,,,,,,,
,,,,,,,
,,,,,,,
,,,,,,,
,,,,,,,
,,,,,,,
,,,,,,,
,,,,,,,
,,,,,,,
,,,,,,,
,,,,,,,
,,,,,,,
,,,,,,,
,,,,,,,
,,,,,,,
,,,,,,,
,,,,,,,
,,,,,,,
,,,,,,,
,,,,,,,
,,,,,,,
,,,,,,,
,,,,,,,
,,,,,,,
,,,,,,,
,,,,,,,
,,,,,,,
,,,,,,,
,,,,,,,
,,,,,,,
,,,,,,,
,,,,,,,
,,,,,,,
,,,,,,,
,,,,,,,
,,,,,,,
,,,,,,,
,,,,,,,
,,,,,,,
,,,,,,,
,,,,,,,
,,,,,,,
,,,,,,,
,,,,,,,
,,,,,,,
,,,,,,,
,,,,,,,
,,,,,,,
,,,,,,,
,,,,,,,
,,,,,,,
,,,,,,,
,,,,,,,
,,,,,,,
,,,,,,,
,,,,,,,
,,,,,,,
,,,,,,,
,,,,,,,
,,,,,,,
,,,,,,,
,,,,,,,
,,,,,,,
,,,,,,,
,,,,,,,
,,,,,,,
,,,,,,,
,,,,,,,
,,,,,,,
,,,,,,,
,,,,,,,
,,,,,,,
,,,,,,,
,,,,,,,
,,,,,,,
,,,,,,,
,,,,,,,
,,,,,,,
,,,,,,,
,,,,,,,
,,,,,,,
,,,,,,,
,,,,,,,
,,,,,,,
,,,,,,,
,,,,,,,
,,,,,,,
,,,,,,,
,,,,,,,
,,,,,,,
,,,,,,,
,,,,,,,
,,,,,,,
,,,,,,,
,,,,,,,
,,,,,,,
,,,,,,,
,,,,,,,
,,,,,,,
,,,,,,,
,,,,,,,
,,,,,,,
,,,,,,,
,,,,,,,
,,,,,,,
,,,,,,,
,,,,,,,
,,,,,,,
,,,,,,,
,,,,,,,
,,,,,,,
,,,,,,,
,,,,,,,
,,,,,,,
,,,,,,,
,,,,,,,
,,,,,,,
,,,,,,,
,,,,,,,
,,,,,,,
,,,,,,,
,,,,,,,
,,,,,,,
,,,,,,,
,,,,,,,
,,,,,,,
,,,,,,,
,,,,,,,
,,,,,,,
,,,,,,,
,,,,,,,
,,,,,,,
,,,,,,,
,,,,,,,
,,,,,,,
,,,,,,,
,,,,,,,
,,,,,,,
,,,,,,,
,,,,,,,
,,,,,,,
,,,,,,,
,,,,,,,
,,,,,,,
,,,,,,,
,,,,,,,
,,,,,,,
,,,,,,,
,,,,,,,
,,,,,,,
,,,,,,,
,,,,,,,
,,,,,,,
,,,,,,,
,,,,,,,
,,,,,,,
,,,,,,,
,,,,,,,
,,,,,,,
,,,,,,,
,,,,,,,
,,,,,,,
,,,,,,,
,,,,,,,
,,,,,,,
,,,,,,,
,,,,,,,
,,,,,,,
,,,,,,,
,,,,,,,
,,,,,,,
,,,,,,,
,,,,,,,
,,,,,,,
,,,,,,,
,,,,,,,
,,,,,,,
,,,,,,,
,,,,,,,
,,,,,,,
,,,,,,,
,,,,,,,
,,,,,,,
,,,,,,,
,,,,,,,
,,,,,,,
,,,,,,,
,,,,,,,
,,,,,,,
,,,,,,,
,,,,,,,
,,,,,,,
,,,,,,,
,,,,,,,
,,,,,,,
,,,,,,,
,,,,,,,
,,,,,,,
,,,,,,,
,,,,,,,
,,,,,,,
,,,,,,,
,,,,,,,
,,,,,,,
,,,,,,,
,,,,,,,
,,,,,,,
,,,,,,,
,,,,,,,
,,,,,,,
,,,,,,,
,,,,,,,
,,,,,,,
,,,,,,,
,,,,,,,
,,,,,,,
,,,,,,,
,,,,,,,
,,,,,,,
,,,,,,,
,,,,,,,
,,,,,,,
,,,,,,,
,,,,,,,
,,,,,,,
,,,,,,,
,,,,,,,
,,,,,,,
,,,,,,,
,,,,,,,
,,,,,,,
,,,,,,,
,,,,,,,
,,,,,,,
,,,,,,,
,,,,,,,
,,,,,,,
,,,,,,,
,,,,,,,
,,,,,,,
,,,,,,,
,,,,,,,
,,,,,,,
,,,,,,,
,,,,,,,
,,,,,,,
,,,,,,,
,,,,,,,
,,,,,,,
,,,,,,,
,,,,,,,
,,,,,,,
,,,,,,,
,,,,,,,
,,,,,,,
,,,,,,,
,,,,,,,
,,,,,,,
,,,,,,,
,,,,,,,
,,,,,,,
,,,,,,,
