time,Month,Year,MEI
1/1/50 0:00,1,1950,-1.03
2/1/50 0:00,2,1950,-1.133
3/1/50 0:00,3,1950,-1.283
4/1/50 0:00,4,1950,-1.071
5/1/50 0:00,5,1950,-1.434
6/1/50 0:00,6,1950,-1.412
7/1/50 0:00,7,1950,-1.269
8/1/50 0:00,8,1950,-1.042
9/1/50 0:00,9,1950,-0.631
10/1/50 0:00,10,1950,-0.441
11/1/50 0:00,11,1950,-1.151
12/1/50 0:00,12,1950,-1.235
1/1/51 0:00,1,1951,-1.049
2/1/51 0:00,2,1951,-1.152
3/1/51 0:00,3,1951,-1.178
4/1/51 0:00,4,1951,-0.511
5/1/51 0:00,5,1951,-0.374
6/1/51 0:00,6,1951,0.288
7/1/51 0:00,7,1951,0.679
8/1/51 0:00,8,1951,0.818
9/1/51 0:00,9,1951,0.726
10/1/51 0:00,10,1951,0.72
11/1/51 0:00,11,1951,0.694
12/1/51 0:00,12,1951,0.504
1/1/52 0:00,1,1952,0.433
2/1/52 0:00,2,1952,0.138
3/1/52 0:00,3,1952,0.071
4/1/52 0:00,4,1952,0.224
5/1/52 0:00,5,1952,-0.307
6/1/52 0:00,6,1952,-0.756
7/1/52 0:00,7,1952,-0.305
8/1/52 0:00,8,1952,-0.374
9/1/52 0:00,9,1952,0.31
10/1/52 0:00,10,1952,0.265
11/1/52 0:00,11,1952,-0.351
12/1/52 0:00,12,1952,-0.098
1/1/53 0:00,1,1953,0.044
2/1/53 0:00,2,1953,0.401
3/1/53 0:00,3,1953,0.277
4/1/53 0:00,4,1953,0.687
5/1/53 0:00,5,1953,0.756
6/1/53 0:00,6,1953,0.191
7/1/53 0:00,7,1953,0.382
8/1/53 0:00,8,1953,0.209
9/1/53 0:00,9,1953,0.483
10/1/53 0:00,10,1953,0.087
11/1/53 0:00,11,1953,0.078
12/1/53 0:00,12,1953,0.351
1/1/54 0:00,1,1954,-0.036
2/1/54 0:00,2,1954,-0.027
3/1/54 0:00,3,1954,0.154
4/1/54 0:00,4,1954,-0.616
5/1/54 0:00,5,1954,-1.465
6/1/54 0:00,6,1954,-1.558
7/1/54 0:00,7,1954,-1.355
8/1/54 0:00,8,1954,-1.456
9/1/54 0:00,9,1954,-1.159
10/1/54 0:00,10,1954,-1.335
11/1/54 0:00,11,1954,-1.124
12/1/54 0:00,12,1954,-1.088
1/1/55 0:00,1,1955,-0.74
2/1/55 0:00,2,1955,-0.669
3/1/55 0:00,3,1955,-1.117
4/1/55 0:00,4,1955,-1.621
5/1/55 0:00,5,1955,-1.653
6/1/55 0:00,6,1955,-2.247
7/1/55 0:00,7,1955,-1.976
8/1/55 0:00,8,1955,-2.05
9/1/55 0:00,9,1955,-1.829
10/1/55 0:00,10,1955,-1.738
11/1/55 0:00,11,1955,-1.821
12/1/55 0:00,12,1955,-1.846
1/1/56 0:00,1,1956,-1.408
2/1/56 0:00,2,1956,-1.275
3/1/56 0:00,3,1956,-1.371
4/1/56 0:00,4,1956,-1.216
5/1/56 0:00,5,1956,-1.304
6/1/56 0:00,6,1956,-1.523
7/1/56 0:00,7,1956,-1.244
8/1/56 0:00,8,1956,-1.118
9/1/56 0:00,9,1956,-1.35
10/1/56 0:00,10,1956,-1.478
11/1/56 0:00,11,1956,-1.024
12/1/56 0:00,12,1956,-0.993
1/1/57 0:00,1,1957,-0.915
2/1/57 0:00,2,1957,-0.348
3/1/57 0:00,3,1957,0.108
4/1/57 0:00,4,1957,0.383
5/1/57 0:00,5,1957,0.813
6/1/57 0:00,6,1957,0.73
7/1/57 0:00,7,1957,0.926
8/1/57 0:00,8,1957,1.132
9/1/57 0:00,9,1957,1.117
10/1/57 0:00,10,1957,1.068
11/1/57 0:00,11,1957,1.138
12/1/57 0:00,12,1957,1.268
1/1/58 0:00,1,1958,1.473
2/1/58 0:00,2,1958,1.454
3/1/58 0:00,3,1958,1.313
4/1/58 0:00,4,1958,0.991
5/1/58 0:00,5,1958,0.673
6/1/58 0:00,6,1958,0.812
7/1/58 0:00,7,1958,0.7
8/1/58 0:00,8,1958,0.421
9/1/58 0:00,9,1958,0.171
10/1/58 0:00,10,1958,0.203
11/1/58 0:00,11,1958,0.476
12/1/58 0:00,12,1958,0.691
1/1/59 0:00,1,1959,0.553
2/1/59 0:00,2,1959,0.81
3/1/59 0:00,3,1959,0.502
4/1/59 0:00,4,1959,0.202
5/1/59 0:00,5,1959,-0.025
6/1/59 0:00,6,1959,-0.062
7/1/59 0:00,7,1959,-0.112
8/1/59 0:00,8,1959,0.111
9/1/59 0:00,9,1959,0.092
10/1/59 0:00,10,1959,-0.071
11/1/59 0:00,11,1959,-0.17
12/1/59 0:00,12,1959,-0.247
1/1/60 0:00,1,1960,-0.287
2/1/60 0:00,2,1960,-0.253
3/1/60 0:00,3,1960,-0.082
4/1/60 0:00,4,1960,0.007
5/1/60 0:00,5,1960,-0.322
6/1/60 0:00,6,1960,-0.287
7/1/60 0:00,7,1960,-0.318
8/1/60 0:00,8,1960,-0.25
9/1/60 0:00,9,1960,-0.47
10/1/60 0:00,10,1960,-0.358
11/1/60 0:00,11,1960,-0.33
12/1/60 0:00,12,1960,-0.39
1/1/61 0:00,1,1961,-0.15
2/1/61 0:00,2,1961,-0.235
3/1/61 0:00,3,1961,-0.073
4/1/61 0:00,4,1961,0.017
5/1/61 0:00,5,1961,-0.302
6/1/61 0:00,6,1961,-0.185
7/1/61 0:00,7,1961,-0.208
8/1/61 0:00,8,1961,-0.3
9/1/61 0:00,9,1961,-0.3
10/1/61 0:00,10,1961,-0.536
11/1/61 0:00,11,1961,-0.433
12/1/61 0:00,12,1961,-0.608
1/1/62 0:00,1,1962,-1.065
2/1/62 0:00,2,1962,-0.963
3/1/62 0:00,3,1962,-0.692
4/1/62 0:00,4,1962,-1.04
5/1/62 0:00,5,1962,-0.89
6/1/62 0:00,6,1962,-0.87
7/1/62 0:00,7,1962,-0.683
8/1/62 0:00,8,1962,-0.538
9/1/62 0:00,9,1962,-0.56
10/1/62 0:00,10,1962,-0.671
11/1/62 0:00,11,1962,-0.617
12/1/62 0:00,12,1962,-0.482
1/1/63 0:00,1,1963,-0.718
2/1/63 0:00,2,1963,-0.837
3/1/63 0:00,3,1963,-0.675
4/1/63 0:00,4,1963,-0.761
5/1/63 0:00,5,1963,-0.473
6/1/63 0:00,6,1963,-0.144
7/1/63 0:00,7,1963,0.404
8/1/63 0:00,8,1963,0.59
9/1/63 0:00,9,1963,0.734
10/1/63 0:00,10,1963,0.805
11/1/63 0:00,11,1963,0.837
12/1/63 0:00,12,1963,0.765
1/1/64 0:00,1,1964,0.878
2/1/64 0:00,2,1964,0.481
3/1/64 0:00,3,1964,-0.256
4/1/64 0:00,4,1964,-0.545
5/1/64 0:00,5,1964,-1.234
6/1/64 0:00,6,1964,-1.15
7/1/64 0:00,7,1964,-1.384
8/1/64 0:00,8,1964,-1.486
9/1/64 0:00,9,1964,-1.309
10/1/64 0:00,10,1964,-1.216
11/1/64 0:00,11,1964,-1.229
12/1/64 0:00,12,1964,-0.907
1/1/65 0:00,1,1965,-0.536
2/1/65 0:00,2,1965,-0.329
3/1/65 0:00,3,1965,-0.259
4/1/65 0:00,4,1965,0.086
5/1/65 0:00,5,1965,0.464
6/1/65 0:00,6,1965,0.867
7/1/65 0:00,7,1965,1.367
8/1/65 0:00,8,1965,1.425
9/1/65 0:00,9,1965,1.379
10/1/65 0:00,10,1965,1.202
11/1/65 0:00,11,1965,1.343
12/1/65 0:00,12,1965,1.27
1/1/66 0:00,1,1966,1.307
2/1/66 0:00,2,1966,1.186
3/1/66 0:00,3,1966,0.689
4/1/66 0:00,4,1966,0.515
5/1/66 0:00,5,1966,-0.178
6/1/66 0:00,6,1966,-0.193
7/1/66 0:00,7,1966,-0.116
8/1/66 0:00,8,1966,0.152
9/1/66 0:00,9,1966,-0.094
10/1/66 0:00,10,1966,-0.05
11/1/66 0:00,11,1966,-0.003
12/1/66 0:00,12,1966,-0.181
1/1/67 0:00,1,1967,-0.462
2/1/67 0:00,2,1967,-0.898
3/1/67 0:00,3,1967,-1.05
4/1/67 0:00,4,1967,-1.03
5/1/67 0:00,5,1967,-0.448
6/1/67 0:00,6,1967,-0.236
7/1/67 0:00,7,1967,-0.492
8/1/67 0:00,8,1967,-0.391
9/1/67 0:00,9,1967,-0.627
10/1/67 0:00,10,1967,-0.677
11/1/67 0:00,11,1967,-0.424
12/1/67 0:00,12,1967,-0.357
1/1/68 0:00,1,1968,-0.602
2/1/68 0:00,2,1968,-0.727
3/1/68 0:00,3,1968,-0.635
4/1/68 0:00,4,1968,-0.944
5/1/68 0:00,5,1968,-1.093
6/1/68 0:00,6,1968,-0.812
7/1/68 0:00,7,1968,-0.503
8/1/68 0:00,8,1968,-0.104
9/1/68 0:00,9,1968,0.213
10/1/68 0:00,10,1968,0.424
11/1/68 0:00,11,1968,0.582
12/1/68 0:00,12,1968,0.367
1/1/69 0:00,1,1969,0.67
2/1/69 0:00,2,1969,0.849
3/1/69 0:00,3,1969,0.458
4/1/69 0:00,4,1969,0.622
5/1/69 0:00,5,1969,0.674
6/1/69 0:00,6,1969,0.801
7/1/69 0:00,7,1969,0.49
8/1/69 0:00,8,1969,0.212
9/1/69 0:00,9,1969,0.162
10/1/69 0:00,10,1969,0.496
11/1/69 0:00,11,1969,0.659
12/1/69 0:00,12,1969,0.417
1/1/70 0:00,1,1970,0.38
2/1/70 0:00,2,1970,0.432
3/1/70 0:00,3,1970,0.228
4/1/70 0:00,4,1970,0.014
5/1/70 0:00,5,1970,-0.099
6/1/70 0:00,6,1970,-0.636
7/1/70 0:00,7,1970,-1.055
8/1/70 0:00,8,1970,-1.007
9/1/70 0:00,9,1970,-1.251
10/1/70 0:00,10,1970,-1.088
11/1/70 0:00,11,1970,-1.074
12/1/70 0:00,12,1970,-1.203
1/1/71 0:00,1,1971,-1.204
2/1/71 0:00,2,1971,-1.507
3/1/71 0:00,3,1971,-1.79
4/1/71 0:00,4,1971,-1.839
5/1/71 0:00,5,1971,-1.429
6/1/71 0:00,6,1971,-1.42
7/1/71 0:00,7,1971,-1.207
8/1/71 0:00,8,1971,-1.213
9/1/71 0:00,9,1971,-1.467
10/1/71 0:00,10,1971,-1.415
11/1/71 0:00,11,1971,-1.311
12/1/71 0:00,12,1971,-0.969
1/1/72 0:00,1,1972,-0.575
2/1/72 0:00,2,1972,-0.398
3/1/72 0:00,3,1972,-0.256
4/1/72 0:00,4,1972,-0.166
5/1/72 0:00,5,1972,0.423
6/1/72 0:00,6,1972,0.966
7/1/72 0:00,7,1972,1.826
8/1/72 0:00,8,1972,1.8
9/1/72 0:00,9,1972,1.522
10/1/72 0:00,10,1972,1.617
11/1/72 0:00,11,1972,1.704
12/1/72 0:00,12,1972,1.787
1/1/73 0:00,1,1973,1.723
2/1/73 0:00,2,1973,1.515
3/1/73 0:00,3,1973,0.87
4/1/73 0:00,4,1973,0.491
5/1/73 0:00,5,1973,-0.099
6/1/73 0:00,6,1973,-0.758
7/1/73 0:00,7,1973,-1.056
8/1/73 0:00,8,1973,-1.334
9/1/73 0:00,9,1973,-1.734
10/1/73 0:00,10,1973,-1.66
11/1/73 0:00,11,1973,-1.489
12/1/73 0:00,12,1973,-1.826
1/1/74 0:00,1,1974,-1.912
2/1/74 0:00,2,1974,-1.768
3/1/74 0:00,3,1974,-1.743
4/1/74 0:00,4,1974,-1.62
5/1/74 0:00,5,1974,-1.048
6/1/74 0:00,6,1974,-0.694
7/1/74 0:00,7,1974,-0.75
8/1/74 0:00,8,1974,-0.664
9/1/74 0:00,9,1974,-0.628
10/1/74 0:00,10,1974,-1.05
11/1/74 0:00,11,1974,-1.24
12/1/74 0:00,12,1974,-0.886
1/1/75 0:00,1,1975,-0.522
2/1/75 0:00,2,1975,-0.576
3/1/75 0:00,3,1975,-0.85
4/1/75 0:00,4,1975,-0.927
5/1/75 0:00,5,1975,-0.838
6/1/75 0:00,6,1975,-1.148
7/1/75 0:00,7,1975,-1.497
8/1/75 0:00,8,1975,-1.712
9/1/75 0:00,9,1975,-1.876
10/1/75 0:00,10,1975,-1.978
11/1/75 0:00,11,1975,-1.756
12/1/75 0:00,12,1975,-1.732
1/1/76 0:00,1,1976,-1.587
2/1/76 0:00,2,1976,-1.366
3/1/76 0:00,3,1976,-1.213
4/1/76 0:00,4,1976,-1.157
5/1/76 0:00,5,1976,-0.483
6/1/76 0:00,6,1976,0.276
7/1/76 0:00,7,1976,0.633
8/1/76 0:00,8,1976,0.654
9/1/76 0:00,9,1976,1.018
10/1/76 0:00,10,1976,0.927
11/1/76 0:00,11,1976,0.49
12/1/76 0:00,12,1976,0.565
1/1/77 0:00,1,1977,0.529
2/1/77 0:00,2,1977,0.29
3/1/77 0:00,3,1977,0.145
4/1/77 0:00,4,1977,0.552
5/1/77 0:00,5,1977,0.31
6/1/77 0:00,6,1977,0.414
7/1/77 0:00,7,1977,0.888
8/1/77 0:00,8,1977,0.684
9/1/77 0:00,9,1977,0.783
10/1/77 0:00,10,1977,0.97
11/1/77 0:00,11,1977,0.962
12/1/77 0:00,12,1977,0.877
1/1/78 0:00,1,1978,0.777
2/1/78 0:00,2,1978,0.912
3/1/78 0:00,3,1978,0.935
4/1/78 0:00,4,1978,0.199
5/1/78 0:00,5,1978,-0.378
6/1/78 0:00,6,1978,-0.605
7/1/78 0:00,7,1978,-0.42
8/1/78 0:00,8,1978,-0.199
9/1/78 0:00,9,1978,-0.391
10/1/78 0:00,10,1978,-0.028
11/1/78 0:00,11,1978,0.175
12/1/78 0:00,12,1978,0.406
1/1/79 0:00,1,1979,0.608
2/1/79 0:00,2,1979,0.379
3/1/79 0:00,3,1979,0.002
4/1/79 0:00,4,1979,0.301
5/1/79 0:00,5,1979,0.374
6/1/79 0:00,6,1979,0.429
7/1/79 0:00,7,1979,0.396
8/1/79 0:00,8,1979,0.615
9/1/79 0:00,9,1979,0.759
10/1/79 0:00,10,1979,0.655
11/1/79 0:00,11,1979,0.734
12/1/79 0:00,12,1979,1.004
1/1/80 0:00,1,1980,0.677
2/1/80 0:00,2,1980,0.601
3/1/80 0:00,3,1980,0.684
4/1/80 0:00,4,1980,0.912
5/1/80 0:00,5,1980,0.958
6/1/80 0:00,6,1980,0.911
7/1/80 0:00,7,1980,0.769
8/1/80 0:00,8,1980,0.329
9/1/80 0:00,9,1980,0.263
10/1/80 0:00,10,1980,0.192
11/1/80 0:00,11,1980,0.248
12/1/80 0:00,12,1980,0.111
1/1/81 0:00,1,1981,-0.25
2/1/81 0:00,2,1981,-0.14
3/1/81 0:00,3,1981,0.455
4/1/81 0:00,4,1981,0.669
5/1/81 0:00,5,1981,0.189
6/1/81 0:00,6,1981,-0.024
7/1/81 0:00,7,1981,-0.026
8/1/81 0:00,8,1981,-0.09
9/1/81 0:00,9,1981,0.174
10/1/81 0:00,10,1981,0.101
11/1/81 0:00,11,1981,-0.039
12/1/81 0:00,12,1981,-0.126
1/1/82 0:00,1,1982,-0.258
2/1/82 0:00,2,1982,-0.125
3/1/82 0:00,3,1982,0.1
4/1/82 0:00,4,1982,0.008
5/1/82 0:00,5,1982,0.443
6/1/82 0:00,6,1982,0.93
7/1/82 0:00,7,1982,1.612
8/1/82 0:00,8,1982,1.778
9/1/82 0:00,9,1982,1.783
10/1/82 0:00,10,1982,2.001
11/1/82 0:00,11,1982,2.394
12/1/82 0:00,12,1982,2.425
1/1/83 0:00,1,1983,2.677
2/1/83 0:00,2,1983,2.931
3/1/83 0:00,3,1983,3.008
4/1/83 0:00,4,1983,2.812
5/1/83 0:00,5,1983,2.498
6/1/83 0:00,6,1983,2.235
7/1/83 0:00,7,1983,1.793
8/1/83 0:00,8,1983,1.159
9/1/83 0:00,9,1983,0.459
10/1/83 0:00,10,1983,0.024
11/1/83 0:00,11,1983,-0.132
12/1/83 0:00,12,1983,-0.17
1/1/84 0:00,1,1984,-0.314
2/1/84 0:00,2,1984,-0.509
3/1/84 0:00,3,1984,0.151
4/1/84 0:00,4,1984,0.39
5/1/84 0:00,5,1984,0.18
6/1/84 0:00,6,1984,-0.049
7/1/84 0:00,7,1984,-0.054
8/1/84 0:00,8,1984,-0.155
9/1/84 0:00,9,1984,-0.12
10/1/84 0:00,10,1984,-0.006
11/1/84 0:00,11,1984,-0.35
12/1/84 0:00,12,1984,-0.585
1/1/85 0:00,1,1985,-0.546
2/1/85 0:00,2,1985,-0.576
3/1/85 0:00,3,1985,-0.696
4/1/85 0:00,4,1985,-0.468
5/1/85 0:00,5,1985,-0.706
6/1/85 0:00,6,1985,-0.166
7/1/85 0:00,7,1985,-0.126
8/1/85 0:00,8,1985,-0.365
9/1/85 0:00,9,1985,-0.535
10/1/85 0:00,10,1985,-0.148
11/1/85 0:00,11,1985,-0.06
12/1/85 0:00,12,1985,-0.279
1/1/86 0:00,1,1986,-0.293
2/1/86 0:00,2,1986,-0.183
3/1/86 0:00,3,1986,0.028
4/1/86 0:00,4,1986,-0.107
5/1/86 0:00,5,1986,0.353
6/1/86 0:00,6,1986,0.279
7/1/86 0:00,7,1986,0.401
8/1/86 0:00,8,1986,0.765
9/1/86 0:00,9,1986,1.077
10/1/86 0:00,10,1986,0.96
11/1/86 0:00,11,1986,0.865
12/1/86 0:00,12,1986,1.202
1/1/87 0:00,1,1987,1.249
2/1/87 0:00,2,1987,1.218
3/1/87 0:00,3,1987,1.716
4/1/87 0:00,4,1987,1.855
5/1/87 0:00,5,1987,2.107
6/1/87 0:00,6,1987,1.958
7/1/87 0:00,7,1987,1.878
8/1/87 0:00,8,1987,1.973
9/1/87 0:00,9,1987,1.851
10/1/87 0:00,10,1987,1.617
11/1/87 0:00,11,1987,1.257
12/1/87 0:00,12,1987,1.293
1/1/88 0:00,1,1988,1.115
2/1/88 0:00,2,1988,0.716
3/1/88 0:00,3,1988,0.495
4/1/88 0:00,4,1988,0.389
5/1/88 0:00,5,1988,0.193
6/1/88 0:00,6,1988,-0.582
7/1/88 0:00,7,1988,-1.109
8/1/88 0:00,8,1988,-1.295
9/1/88 0:00,9,1988,-1.526
10/1/88 0:00,10,1988,-1.328
11/1/88 0:00,11,1988,-1.453
12/1/88 0:00,12,1988,-1.311
1/1/89 0:00,1,1989,-1.103
2/1/89 0:00,2,1989,-1.241
3/1/89 0:00,3,1989,-1.035
4/1/89 0:00,4,1989,-0.76
5/1/89 0:00,5,1989,-0.393
6/1/89 0:00,6,1989,-0.242
7/1/89 0:00,7,1989,-0.43
8/1/89 0:00,8,1989,-0.494
9/1/89 0:00,9,1989,-0.315
10/1/89 0:00,10,1989,-0.342
11/1/89 0:00,11,1989,-0.073
12/1/89 0:00,12,1989,0.131
1/1/90 0:00,1,1990,0.243
2/1/90 0:00,2,1990,0.573
3/1/90 0:00,3,1990,0.951
4/1/90 0:00,4,1990,0.46
5/1/90 0:00,5,1990,0.652
6/1/90 0:00,6,1990,0.511
7/1/90 0:00,7,1990,0.147
8/1/90 0:00,8,1990,0.127
9/1/90 0:00,9,1990,0.366
10/1/90 0:00,10,1990,0.273
11/1/90 0:00,11,1990,0.383
12/1/90 0:00,12,1990,0.362
1/1/91 0:00,1,1991,0.319
2/1/91 0:00,2,1991,0.323
3/1/91 0:00,3,1991,0.399
4/1/91 0:00,4,1991,0.449
5/1/91 0:00,5,1991,0.741
6/1/91 0:00,6,1991,1.051
7/1/91 0:00,7,1991,1.044
8/1/91 0:00,8,1991,1.008
9/1/91 0:00,9,1991,0.739
10/1/91 0:00,10,1991,0.99
11/1/91 0:00,11,1991,1.172
12/1/91 0:00,12,1991,1.34
1/1/92 0:00,1,1992,1.747
2/1/92 0:00,2,1992,1.886
3/1/92 0:00,3,1992,1.985
4/1/92 0:00,4,1992,2.247
5/1/92 0:00,5,1992,2.085
6/1/92 0:00,6,1992,1.735
7/1/92 0:00,7,1992,1.045
8/1/92 0:00,8,1992,0.559
9/1/92 0:00,9,1992,0.488
10/1/92 0:00,10,1992,0.624
11/1/92 0:00,11,1992,0.569
12/1/92 0:00,12,1992,0.664
1/1/93 0:00,1,1993,0.692
2/1/93 0:00,2,1993,0.99
3/1/93 0:00,3,1993,0.987
4/1/93 0:00,4,1993,1.408
5/1/93 0:00,5,1993,1.993
6/1/93 0:00,6,1993,1.616
7/1/93 0:00,7,1993,1.204
8/1/93 0:00,8,1993,1.026
9/1/93 0:00,9,1993,0.966
10/1/93 0:00,10,1993,1.045
11/1/93 0:00,11,1993,0.822
12/1/93 0:00,12,1993,0.595
1/1/94 0:00,1,1994,0.352
2/1/94 0:00,2,1994,0.193
3/1/94 0:00,3,1994,0.159
4/1/94 0:00,4,1994,0.465
5/1/94 0:00,5,1994,0.58
6/1/94 0:00,6,1994,0.803
7/1/94 0:00,7,1994,0.904
8/1/94 0:00,8,1994,0.762
9/1/94 0:00,9,1994,0.893
10/1/94 0:00,10,1994,1.389
11/1/94 0:00,11,1994,1.282
12/1/94 0:00,12,1994,1.251
1/1/95 0:00,1,1995,1.219
2/1/95 0:00,2,1995,0.959
3/1/95 0:00,3,1995,0.845
4/1/95 0:00,4,1995,0.453
5/1/95 0:00,5,1995,0.57
6/1/95 0:00,6,1995,0.507
7/1/95 0:00,7,1995,0.234
8/1/95 0:00,8,1995,-0.147
9/1/95 0:00,9,1995,-0.445
10/1/95 0:00,10,1995,-0.481
11/1/95 0:00,11,1995,-0.474
12/1/95 0:00,12,1995,-0.537
1/1/96 0:00,1,1996,-0.597
2/1/96 0:00,2,1996,-0.566
3/1/96 0:00,3,1996,-0.236
4/1/96 0:00,4,1996,-0.391
5/1/96 0:00,5,1996,-0.041
6/1/96 0:00,6,1996,0.087
7/1/96 0:00,7,1996,-0.173
8/1/96 0:00,8,1996,-0.374
9/1/96 0:00,9,1996,-0.457
10/1/96 0:00,10,1996,-0.359
11/1/96 0:00,11,1996,-0.149
12/1/96 0:00,12,1996,-0.325
1/1/97 0:00,1,1997,-0.48
2/1/97 0:00,2,1997,-0.605
3/1/97 0:00,3,1997,-0.248
4/1/97 0:00,4,1997,0.527
5/1/97 0:00,5,1997,1.132
6/1/97 0:00,6,1997,2.275
7/1/97 0:00,7,1997,2.825
8/1/97 0:00,8,1997,3.002
9/1/97 0:00,9,1997,2.99
10/1/97 0:00,10,1997,2.361
11/1/97 0:00,11,1997,2.516
12/1/97 0:00,12,1997,2.344
1/1/98 0:00,1,1998,2.455
2/1/98 0:00,2,1998,2.777
3/1/98 0:00,3,1998,2.751
4/1/98 0:00,4,1998,2.658
5/1/98 0:00,5,1998,2.206
6/1/98 0:00,6,1998,1.336
7/1/98 0:00,7,1998,0.392
8/1/98 0:00,8,1998,-0.336
9/1/98 0:00,9,1998,-0.636
10/1/98 0:00,10,1998,-0.808
11/1/98 0:00,11,1998,-1.071
12/1/98 0:00,12,1998,-0.908
1/1/99 0:00,1,1999,-1.039
2/1/99 0:00,2,1999,-1.123
3/1/99 0:00,3,1999,-0.95
4/1/99 0:00,4,1999,-0.88
5/1/99 0:00,5,1999,-0.596
6/1/99 0:00,6,1999,-0.339
7/1/99 0:00,7,1999,-0.478
8/1/99 0:00,8,1999,-0.739
9/1/99 0:00,9,1999,-0.967
10/1/99 0:00,10,1999,-0.97
11/1/99 0:00,11,1999,-1.041
12/1/99 0:00,12,1999,-1.142
1/1/00 0:00,1,2000,-1.122
2/1/00 0:00,2,2000,-1.189
3/1/00 0:00,3,2000,-1.09
4/1/00 0:00,4,2000,-0.397
5/1/00 0:00,5,2000,0.251
6/1/00 0:00,6,2000,0.001
7/1/00 0:00,7,2000,-0.159
8/1/00 0:00,8,2000,-0.145
9/1/00 0:00,9,2000,-0.238
10/1/00 0:00,10,2000,-0.391
11/1/00 0:00,11,2000,-0.713
12/1/00 0:00,12,2000,-0.55
1/1/01 0:00,1,2001,-0.496
2/1/01 0:00,2,2001,-0.649
3/1/01 0:00,3,2001,-0.548
4/1/01 0:00,4,2001,-0.05
5/1/01 0:00,5,2001,0.282
6/1/01 0:00,6,2001,0.052
7/1/01 0:00,7,2001,0.297
8/1/01 0:00,8,2001,0.332
9/1/01 0:00,9,2001,-0.174
10/1/01 0:00,10,2001,-0.276
11/1/01 0:00,11,2001,-0.151
12/1/01 0:00,12,2001,0.033
1/1/02 0:00,1,2002,0.017
2/1/02 0:00,2,2002,-0.16
3/1/02 0:00,3,2002,-0.118
4/1/02 0:00,4,2002,0.401
5/1/02 0:00,5,2002,0.886
6/1/02 0:00,6,2002,0.932
7/1/02 0:00,7,2002,0.712
8/1/02 0:00,8,2002,1.002
9/1/02 0:00,9,2002,0.881
10/1/02 0:00,10,2002,0.979
11/1/02 0:00,11,2002,1.076
12/1/02 0:00,12,2002,1.156
1/1/03 0:00,1,2003,1.214
2/1/03 0:00,2,2003,0.944
3/1/03 0:00,3,2003,0.83
4/1/03 0:00,4,2003,0.413
5/1/03 0:00,5,2003,0.214
6/1/03 0:00,6,2003,0.107
7/1/03 0:00,7,2003,0.177
8/1/03 0:00,8,2003,0.309
9/1/03 0:00,9,2003,0.46
10/1/03 0:00,10,2003,0.497
11/1/03 0:00,11,2003,0.563
12/1/03 0:00,12,2003,0.362
1/1/04 0:00,1,2004,0.332
2/1/04 0:00,2,2004,0.37
3/1/04 0:00,3,2004,-0.036
4/1/04 0:00,4,2004,0.358
5/1/04 0:00,5,2004,0.558
6/1/04 0:00,6,2004,0.315
7/1/04 0:00,7,2004,0.571
8/1/04 0:00,8,2004,0.617
9/1/04 0:00,9,2004,0.558
10/1/04 0:00,10,2004,0.492
11/1/04 0:00,11,2004,0.794
12/1/04 0:00,12,2004,0.684
1/1/05 0:00,1,2005,0.325
2/1/05 0:00,2,2005,0.816
3/1/05 0:00,3,2005,1.057
4/1/05 0:00,4,2005,0.626
5/1/05 0:00,5,2005,0.885
6/1/05 0:00,6,2005,0.589
7/1/05 0:00,7,2005,0.519
8/1/05 0:00,8,2005,0.343
9/1/05 0:00,9,2005,0.296
10/1/05 0:00,10,2005,-0.179
11/1/05 0:00,11,2005,-0.385
12/1/05 0:00,12,2005,-0.55
1/1/06 0:00,1,2006,-0.428
2/1/06 0:00,2,2006,-0.414
3/1/06 0:00,3,2006,-0.521
4/1/06 0:00,4,2006,-0.571
5/1/06 0:00,5,2006,0.045
6/1/06 0:00,6,2006,0.526
7/1/06 0:00,7,2006,0.716
8/1/06 0:00,8,2006,0.748
9/1/06 0:00,9,2006,0.8
10/1/06 0:00,10,2006,0.939
11/1/06 0:00,11,2006,1.272
12/1/06 0:00,12,2006,0.965
1/1/07 0:00,1,2007,0.985
2/1/07 0:00,2,2007,0.537
3/1/07 0:00,3,2007,0.125
4/1/07 0:00,4,2007,0.026
5/1/07 0:00,5,2007,0.348
6/1/07 0:00,6,2007,-0.155
7/1/07 0:00,7,2007,-0.248
8/1/07 0:00,8,2007,-0.442
9/1/07 0:00,9,2007,-1.197
10/1/07 0:00,10,2007,-1.217
11/1/07 0:00,11,2007,-1.155
12/1/07 0:00,12,2007,-1.178
1/1/08 0:00,1,2008,-1.006
2/1/08 0:00,2,2008,-1.371
3/1/08 0:00,3,2008,-1.552
4/1/08 0:00,4,2008,-0.858
5/1/08 0:00,5,2008,-0.345
6/1/08 0:00,6,2008,0.142
7/1/08 0:00,7,2008,0.088
8/1/08 0:00,8,2008,-0.269
9/1/08 0:00,9,2008,-0.58
10/1/08 0:00,10,2008,-0.699
11/1/08 0:00,11,2008,-0.588
12/1/08 0:00,12,2008,-0.646
1/1/09 0:00,1,2009,-0.714
2/1/09 0:00,2,2009,-0.69
3/1/09 0:00,3,2009,-0.705
4/1/09 0:00,4,2009,-0.106
5/1/09 0:00,5,2009,0.326
6/1/09 0:00,6,2009,0.751
7/1/09 0:00,7,2009,1.06
8/1/09 0:00,8,2009,1.05
9/1/09 0:00,9,2009,0.707
10/1/09 0:00,10,2009,0.883
11/1/09 0:00,11,2009,1.107
12/1/09 0:00,12,2009,1.059
1/1/10 0:00,1,2010,1.066
2/1/10 0:00,2,2010,1.526
3/1/10 0:00,3,2010,1.462
4/1/10 0:00,4,2010,0.978
5/1/10 0:00,5,2010,0.658
6/1/10 0:00,6,2010,-0.228
7/1/10 0:00,7,2010,-1.103
8/1/10 0:00,8,2010,-1.671
9/1/10 0:00,9,2010,-1.879
10/1/10 0:00,10,2010,-1.892
11/1/10 0:00,11,2010,-1.477
12/1/10 0:00,12,2010,-1.558
1/1/11 0:00,1,2011,-1.719
2/1/11 0:00,2,2011,-1.544
3/1/11 0:00,3,2011,-1.554
4/1/11 0:00,4,2011,-1.387
5/1/11 0:00,5,2011,-0.199
6/1/11 0:00,6,2011,-0.003
7/1/11 0:00,7,2011,-0.193
8/1/11 0:00,8,2011,-0.517
9/1/11 0:00,9,2011,-0.778
10/1/11 0:00,10,2011,-0.939
11/1/11 0:00,11,2011,-0.938
12/1/11 0:00,12,2011,-0.945
1/1/12 0:00,1,2012,-0.98
2/1/12 0:00,2,2012,-0.675
3/1/12 0:00,3,2012,-0.382
4/1/12 0:00,4,2012,0.11
5/1/12 0:00,5,2012,0.757
6/1/12 0:00,6,2012,0.842
7/1/12 0:00,7,2012,1.126
8/1/12 0:00,8,2012,0.607
9/1/12 0:00,9,2012,0.316
10/1/12 0:00,10,2012,0.069
11/1/12 0:00,11,2012,0.127
12/1/12 0:00,12,2012,0.111
1/1/13 0:00,1,2013,0.103
2/1/13 0:00,2,2013,-0.068
3/1/13 0:00,3,2013,-0.026
4/1/13 0:00,4,2013,0.09
5/1/13 0:00,5,2013,0.205
6/1/13 0:00,6,2013,-0.094
7/1/13 0:00,7,2013,-0.314
8/1/13 0:00,8,2013,-0.481
9/1/13 0:00,9,2013,-0.155
10/1/13 0:00,10,2013,0.115
11/1/13 0:00,11,2013,-0.053
12/1/13 0:00,12,2013,-0.234
1/1/14 0:00,1,2014,-0.27
2/1/14 0:00,2,2014,-0.259
3/1/14 0:00,3,2014,0.018
4/1/14 0:00,4,2014,0.295
5/1/14 0:00,5,2014,1.001
6/1/14 0:00,6,2014,1.046
7/1/14 0:00,7,2014,0.915
8/1/14 0:00,8,2014,0.937
9/1/14 0:00,9,2014,0.557
10/1/14 0:00,10,2014,0.421
11/1/14 0:00,11,2014,0.754
12/1/14 0:00,12,2014,0.566
1/1/15 0:00,1,2015,0.417
2/1/15 0:00,2,2015,0.464
3/1/15 0:00,3,2015,0.614
4/1/15 0:00,4,2015,0.916
5/1/15 0:00,5,2015,1.583
6/1/15 0:00,6,2015,2.097
7/1/15 0:00,7,2015,1.981
8/1/15 0:00,8,2015,2.334
9/1/15 0:00,9,2015,2.479
10/1/15 0:00,10,2015,2.201
11/1/15 0:00,11,2015,2.271
12/1/15 0:00,12,2015,2.12
1/1/16 0:00,1,2016,2.216
2/1/16 0:00,2,2016,2.17
3/1/16 0:00,3,2016,1.963
4/1/16 0:00,4,2016,2.094
5/1/16 0:00,5,2016,1.752
6/1/16 0:00,6,2016,1.053
7/1/16 0:00,7,2016,0.352
8/1/16 0:00,8,2016,0.167
9/1/16 0:00,9,2016,-0.118
10/1/16 0:00,10,2016,-0.385
11/1/16 0:00,11,2016,-0.209
12/1/16 0:00,12,2016,-0.11
1/1/17 0:00,1,2017,-0.052
2/1/17 0:00,2,2017,-0.043
3/1/17 0:00,3,2017,-0.08
4/1/17 0:00,4,2017,0.744
5/1/17 0:00,5,2017,1.445
6/1/17 0:00,6,2017,1.039
7/1/17 0:00,7,2017,0.456
8/1/17 0:00,8,2017,0.009
9/1/17 0:00,9,2017,-0.478
10/1/17 0:00,10,2017,-0.568
11/1/17 0:00,11,2017,-0.285
12/1/17 0:00,12,2017,-0.576
1/1/18 0:00,1,2018,-0.623
2/1/18 0:00,2,2018,-0.731
3/1/18 0:00,3,2018,-0.502
4/1/18 0:00,4,2018,-0.432
5/1/18 0:00,5,2018,0.465
6/1/18 0:00,6,2018,0.469
7/1/18 0:00,7,2018,0.076
8/1/18 0:00,8,2018,0.132
9/1/18 0:00,9,2018,0.509
10/1/18 0:00,10,2018,0.468
11/1/18 0:00,11,2018,0.698
12/1/18 0:00,12,2018,1.698