"","X","Sample.ID","NLE.mean","ALA.mean","VAL.mean","ILE.mean","ASP.mean","PHE.mean","GLU.mean","TYR.mean","THR.mean","SER.mean","PRO.mean","GLY.mean","years","Location.2","Length","Sex","Lat","Long","State","Museum","N.quantity..ug.","d15N","C.quantity..ug.","d13C","Year","d13C.s","TP.GLU","TP.ALA","TP.ASP","TP.VAL","TP.PRO","TPmean"
"1",1,"BM_20228",13.29155738,24.03993288,22.55807163,NA,25.88973439,10.86231661,28.54661061,NA,-14.97925227,16.09664186,27.22275,12.03325,1959,"Coastal",NA,"",46.0999,-123.935,"WA",NA,NA,NA,NA,NA,1960,NA,4.88801892561984,6.68693511363636,5.09385483606557,2.90977122605364,3.60968738219895,4.63765349671487
"2",2,"BM_32052",13.82677456,22.14576263,22.85177626,NA,22.45310278,9.919833049,27.23310108,NA,-18.20001079,18.13917547,23.572,10.878,1977,"Inland",92,"M",48.2933,-122.5985228,"WA",NA,NA,NA,NA,NA,1978,NA,4.78069736433884,6.539367966875,4.98741295971311,2.86001678576628,3.54169833028796,4.54183868139624
"3",3,"BM_32053",17.99134894,24.54154167,25.2605,NA,24.52154167,13.6774433,28.30520833,NA,-3.935905069,19.84966667,28.351,10.08666667,1977,"Inland",NA,"M",48.225,-122.7689,"WA",NA,NA,NA,NA,NA,1978,NA,4.00389897561984,5.47127018238636,4.21698177090164,2.49989186226054,3.04959045052356,3.84832664833839
"4",4,"BM_32516",15.42084278,20.81010223,25.0977573,NA,9.179434708,NA,25.11268428,NA,NA,NA,28.032,8.5615,1979,"Coastal",133,"F",46.3525,-124.0531,"WA",NA,NA,NA,NA,NA,1980,NA,NA,NA,NA,NA,NA,NA
"5",5,"BM_34967",20.15124485,21.84407474,25.7273256,NA,27.06912758,11.93828522,25.48749785,NA,-13.77413531,13.02749012,26.87166667,9.890666667,1987,"Coastal",124,"F",46.185552,-123.187834,"WA",NA,NA,NA,NA,NA,1988,NA,3.69192100867769,5.04230047784091,3.90756100040984,2.355258398659,2.85194995837696,3.56979816879288
"6",6,"BM_34969",15.47317444,24.024625,23.94979167,NA,25.52725,12.55011945,27.69229167,NA,-3.870218546,18.82433333,29.46666667,11.04266667,1987,"Coastal",104,"M",42.2706,-123.4558,"WA",NA,NA,NA,NA,NA,1988,NA,4.15269444380165,5.67586395113636,4.36455760409836,2.56887366934866,3.14385354816754,3.98116864331051
"7",7,"BM_34974",21.85508417,21.56076654,27.02557781,NA,20.7483262,9.545861254,24.9448417,NA,NA,19.71933333,NA,12.178,1987,"Coastal",123,"M",46.1408,-123.2525,"WA",NA,NA,NA,NA,NA,1988,NA,4.22697781495868,5.77800358647727,4.43823209516393,2.6033115540613,3.19091264717277,4.04748753956679
"8",8,"BM_34983",15.82907313,24.26587135,23.63908827,NA,20.75247541,9.275568299,24.26778952,NA,-12.06914991,15.54855735,28.436,10.67383333,1986,"Coastal",106,"M",46.185552,-123.187834,"WA",NA,NA,NA,NA,NA,1987,NA,4.10932018789256,5.61622434926136,4.32153887487705,2.54876529783525,3.11637561641361,3.94244486525597
"9",9,"BM_34988",7.991490588,23.82843342,27.38628651,NA,26.56309192,12.64108407,28.90800816,NA,-21.64469864,17.389,31.37466667,10.72466667,1987,"Coastal",138,"M",46.1583,-123.2531,"WA",NA,NA,NA,NA,NA,1988,NA,4.47803589380166,6.12320844488636,4.68723232090164,2.71970246417625,3.3499599117801,4.2716278071092
"10",10,"BM_34989",14.54837865,22.95908162,22.74430326,NA,25.87286813,11.16191237,29.17720619,NA,-26.61213359,20.11066667,28.43166667,11.00133333,1987,"Coastal",119,"F",46.185552,-123.187834,"WA",NA,NA,NA,NA,NA,1988,NA,4.98376267520661,6.81858276931818,5.18881380081967,2.95415817509579,3.67034179947644,4.72313184398334
"11",11,"BM_34990",15.67233381,21.88124426,20.15998951,NA,21.4531864,9.579375,26.68410622,NA,-8.889666667,16.73333333,25.267,8.896333333,1987,"Coastal",152,"F",46.277934,-123.486647,"WA",NA,NA,NA,NA,NA,1988,NA,4.72037679917355,6.45642718977272,4.92758682540983,2.83205207931034,3.50348477853403,4.4879855344401
"12",12,"BM_34991",15.51428705,24.80241731,25.59763424,NA,23.46189508,9.793436856,27.51266581,NA,-22.56736297,7.684477019,27.646,10.3395,1987,"Coastal",142,"M",46.185552,-123.187834,"WA",NA,NA,NA,NA,NA,1988,NA,4.89812407760331,6.70082969761363,5.10387715893443,2.91445599,3.61608907534031,4.64667519989834
"13",13,"BM_34997",16.37027104,23.77243396,20.50875834,NA,21.89174822,11.55928479,26.86002282,NA,-21.49979038,18.721,29.25333333,11.62833333,1987,"Coastal",108,"M",46.185552,-123.187834,"WA",NA,NA,NA,NA,NA,1988,NA,4.19856058719008,5.73892989829545,4.4100477954918,2.59013728371648,3.17291011020942,4.02211713498065
"14",14,"BM_35001",9.453697426,23.42481033,25.40885874,NA,24.21711218,10.87819771,28.26988212,NA,-16.39075765,14.43416667,27.23966667,9.769916667,1988,"Coastal",NA,"F",46.2706,-123.4558,"WA",NA,NA,NA,NA,NA,1989,NA,4.80337978801653,6.57055629943181,5.00990946188524,2.87053239214559,3.55606782382199,4.56208915306023
"15",15,"BM_36044",13.05177491,22.13909708,20.8484957,NA,24.86140421,11.92477942,26.39671177,NA,-36.26643406,21.83156207,28.7645,10.702,1979,"Inland",105,"F",47.8628,-122.5133,"WA",NA,NA,NA,NA,NA,1980,NA,3.95882340702479,5.40929127556818,4.17227567418033,2.47899475957854,3.02103472382199,3.80808396803477
"16",16,"BM_36045",13.46425,22.39358333,22.61991667,NA,24.793375,10.8456686,26.41679167,NA,-35.38148604,11.74627083,26.954,7.466333333,1989,"Inland",NA,"",48.3683,-124.6236,"WA",NA,NA,NA,NA,NA,1990,NA,4.27677113595041,5.84646940284091,4.48761727418033,2.62639581398467,3.22245710706806,4.09194214680488
"17",17,"BM_36047",14.86472788,21.98424055,28.25054296,NA,24.94667053,12.05071735,27.56863402,NA,-25.93844029,21.08433333,28.58533333,8.454333333,1989,"Inland",122,"M",48.26,-124.68139,"WA",NA,NA,NA,NA,NA,1990,NA,4.26138085495868,5.82530776647727,4.47235314303279,2.61926085613027,3.21270724319372,4.07820197275854
"18",18,"BM_39398",18.60311082,20.91485137,25.39129124,NA,24.29569459,10.52203436,25.20052534,NA,-24.57307002,20.24481658,20.90433333,9.402333333,1980,"Inland",92,"F",47.8628,-122.5133,"WA",NA,NA,NA,NA,NA,1981,NA,4.01857177107438,5.49144527613636,4.23153429754098,2.50669419272031,3.05888578167539,3.86142626382948
"19",19,"BM_51206",13.61477149,22.44895314,20.38706913,NA,25.33427482,10.83458935,28.19609488,NA,-32.9836177,18.10276203,25.212,8.280777778,1980,"Inland",NA,"M",47.3192,-122.4253,"WA","UWBM",48.2056,17.4742,132.7419,-11.8316,1981,-12.3126914273121,4.79465035991736,6.55855333579545,5.00125158647541,2.86648541590038,3.55053766256544,4.55429567213081
"20",20,"BM_51213",13.69705477,22.09291838,23.06769674,NA,26.55854854,13.83063574,28.89579381,NA,-14.90018686,16.6,24.90433333,12.192,1983,"Inland",109,"M",47.2901,-122.6664,"WA","UWBM",44.9625,19.7667,125.3317,-10.4525,1984,-10.974181542365,4.13041762355372,5.64523332329545,4.3424633807377,2.558546101341,3.12974100759162,3.9612802873039
"21",21,"BM_80771",NA,21.95654997,19.64423783,NA,11.34849427,10.220875,24.99494172,NA,-29.471875,15.20503007,26.891,10.83833333,2004,"Inland",NA,"M",48.1742,-122.5281,"WA",NA,NA,NA,NA,NA,2005,NA,4.04621764628099,5.52945835454545,4.25895356721311,2.51951086283525,3.07639966073298,3.88610801832156
"22",22,"BM_80772",12.70969713,21.21378115,17.98875427,NA,22.64773557,11.41245017,27.21916125,NA,-21.22917955,17.68381701,25.19966667,8.266666667,2007,"Inland",NA,"F",48.5369,-122.5283,"WA","UWBM",46.7091,16.5705,127.7654,-10.9489,2008,-11.9462056868277,4.34491642809917,5.94016917954545,4.55520399836065,2.65798807586207,3.26562768481675,4.15278107333682
"23",23,"BM_80773",15.01376976,19.70325515,26.99023797,NA,24.10649012,11.99954553,26.10441796,NA,NA,14.22407259,24.383,7.808,2007,"Coastal",NA,"F",46.4913,-124.0501,"WA",NA,NA,NA,NA,NA,2008,NA,3.85264905,5.26330153465909,4.06697159877049,2.42977216494253,2.95377243481675,3.71329335663777
"24",24,"BM_80774",21.6492238,23.08981143,26.0357268,NA,22.42353823,11.29791967,26.26323411,NA,NA,NA,NA,8.536666667,1994,"Coastal",NA,"F",46.2693,-124.0801,"WA",NA,NA,NA,NA,NA,1995,NA,4.10153723471074,5.60552278863636,4.31381971639344,2.54515710881226,3.11144505445026,3.93549638060061
"25",25,"BM_80776",13.38510184,21.88332889,21.2483434,NA,21.01889518,11.80008333,26.13492101,NA,-31.4925,18.97241667,25.71966667,10.94433333,2006,"Inland",NA,"F",47.5958,-122.5058,"WA","UWBM",36.0278,17.5523,106.1348,-12.3599,2007,-13.3306387015099,3.91916792396694,5.35476498636363,4.13294523606557,2.46061041685824,2.99591266387434,3.77268024542575
"26",26,"BM_80777",12.89827148,22.29341724,24.05227978,NA,24.28376389,11.43165893,28.14413316,NA,-24.2956701,15.56156787,20.058,8.088888889,2007,"Coastal",NA,"M",46.81,-124.0933,"WA","UWBM",44.6502,17.2891,128.5232,-13.1147,2008,-14.1120056868277,4.60691403347107,6.30041588693181,4.81505408237705,2.77945056724138,3.43160522539267,4.3866879590828
"27",27,"BM_80778",12.9354642,22.32636655,20.46448683,NA,24.24618199,10.78815292,29.57097451,NA,-10.96455241,15.08822251,22.30833333,7.725333333,2008,"Coastal",NA,"F",46.9734,-124.1559,"WA","UWBM",48.3294,16.2282,131.0459,-12.8056,2009,-13.8301997521597,5.20577484008265,7.12384949602272,5.40900619385246,3.05708335498084,3.81098824947644,4.92134042688302
"28",28,"BM_80780",13.84179146,23.16074441,22.51208607,NA,24.1978369,17.5675,27.0094912,NA,-22.57329167,16.57466667,29.29633333,7.831666667,2006,"Inland",NA,"F",47.3486,-122.3244,"WA","UWBM",40.9994,17.2182,115.2334,-11.1575,2007,-12.1282387015099,2.50388175206612,3.4087465,2.7292597704918,1.80448157854406,2.0993177591623,2.50913747205286
"29",29,"BM_80782",12.86621671,21.97383333,19.47616667,NA,21.714375,10.74410739,28.85783333,NA,-9.285160223,15.871,24.71133333,11.056,2007,"Inland",NA,"M",47.8103,-122.377,"WA","UWBM",46.3147,17.1076,126.3137,-11.9114,2008,-12.9087056868277,5.01223477603306,6.85773190795454,5.21705252377049,2.96735788467433,3.68837909895288,4.74855123827706
"30",30,"BM_81078",13.66910567,20.46467612,19.95070017,NA,23.2397805,10.25948625,24.65756486,NA,-24.73858033,20.43976503,18.77566667,8.845,2008,"Inland",NA,"",48.0946,-122.9153,"WA",NA,NA,NA,NA,NA,2009,NA,3.93746075495868,5.37991762897727,4.15108812581967,2.469091001341,3.00750131596859,3.78901176541304
"31",31,"BM_81979",9.430580756,21.99982904,17.15345447,NA,25.24008462,13.84189261,26.39897809,NA,-20.04721349,21.74518256,21.955,16.264,2011,"Inland",154,"M",47.5972,-122.3486,"WA",NA,NA,NA,NA,NA,2012,NA,3.40494208099174,4.64770445227273,3.62293435901639,2.22221452796935,2.6701465539267,3.31358839483538
"32",32,"BM_82369",14.49369137,21.65282216,20.35101289,NA,22.17583033,13.15763832,26.21867354,NA,-15.38126503,16.50566667,28.93633333,8.938666667,2014,"SE",135,"F",59.9326,-139.5983,"AK",NA,NA,NA,NA,NA,2015,NA,3.55071266694215,4.84813900795454,3.76751010409836,2.28979399501916,2.76249336492147,3.44372982778714
"33",33,"BM_82370",17.31790775,23.03139884,22.30477599,NA,19.56792472,9.226383591,26.20408033,NA,-32.39414648,16.93574076,27.81566667,12.0655,2014,"SE",111,"F",59.5278,-139.7673,"AK",NA,NA,NA,NA,NA,2015,NA,4.6836312881405,6.40590211210227,4.89114250709016,2.81501680408046,3.48020620871728,4.45517978402613
"34",34,"BM_82371",20.33305956,22.23810982,23.83171148,NA,21.59402577,8.391690292,27.61451103,NA,-27.78653823,21.08227463,29.61066667,11.679,2014,"SE",118,"F",59.9385,-139.6076,"AK",NA,NA,NA,NA,NA,2015,NA,5.33304732090909,7.29884915715909,5.53523545762295,3.11608707214559,3.89161636560209,5.03496707468776
"35",35,"BM_82372",NA,20.96539681,23.83214979,NA,20.49127508,7.970988813,24.50919924,NA,-29.07846825,15.88022222,28.99311111,6.927,2014,"SE",122,"F",59.9342,-139.6176,"AK",NA,NA,NA,NA,NA,2015,NA,4.55650714830579,6.23110641982954,4.76506036840164,2.75608185802682,3.39967206777487,4.34168557246773
"36",36,"BM_82685",13.13634542,22.70120162,19.27534526,NA,26.25033796,11.95434708,27.51280504,NA,-28.63511426,22.26661082,28.64033333,13.79638889,2012,"Inland",99,"",47.097241,-122.705579,"WA","UWBM",42.329,18.71,119.5172,-13.3727,2013,-14.514153043817,4.27310767438017,5.84143214318182,4.4839838409836,2.62469742758621,3.22013627539267,4.08867147230489
"37",37,"NM_1905",13.96204618,21.7128656,22.30162937,NA,23.44931912,14.86308703,27.43935642,NA,-3.757355832,15.41252575,28.33,11.95966667,1999,"Inland",170,"M",47.2179,-122.6599,"WA","NMML",46.6683,18.211,128.8501,-10.1656,2000,-10.9691643986362,3.41049114586777,4.65533441647727,3.6284379397541,2.22478708295019,2.67366193010471,3.31854250303081
"38",38,"NM_1915",12.57270807,23.1850262,29.9850612,NA,17.41070371,13.47608296,27.10269553,NA,-25.08732697,16.22011501,27.51466667,9.738,1996,"Inland",149,"M",47.2179,-122.6599,"WA","NMML",44.7853,17.8098,127.1254,-10.5641,1997,-11.3051420190918,3.71430942107438,5.07308454488636,3.92976590122951,2.36563770095785,2.8661331934555,3.58978615232072
"39",39,"NM_1917",9.904899275,22.61466976,24.9898119,NA,23.6131079,5.885112429,27.99969079,NA,-15.03551084,15.52627665,15.54,10.979,1998,"Inland",145,"F",47.2179,-122.6599,"WA","NMML",46.7206,17.8737,128.4568,-9.9073,1999,-10.6894584407013,6.16950613747934,8.44898002994318,6.36483805438524,3.50387066143678,4.42151959494764,5.78174289563844
"40",40,"NM_1918",NA,22.40930304,23.71300585,NA,NA,12.58214229,26.76421781,NA,-20.91555842,16.1334027,24.32766667,16.86511111,1998,"Inland",145,"F",47.2179,-122.6599,"WA","NMML",49.4471,18.2801,137.9539,-10.3121,1999,-11.0942584407013,3.87498052231405,5.29400730909091,4.08912002622951,2.4401250697318,2.96791959790576,3.7332305050544
"41",41,"NM_1919",10.58291244,23.64536471,21.88845367,NA,25.65577709,11.90905669,26.32995522,NA,-14.98416015,15.94113159,27.53333333,11.63666667,1998,"Inland",154,"M",47.2179,-122.6599,"WA","NMML",49.1669,17.9926,135.6992,-10.5249,1999,-11.3070584407013,3.94406155826446,5.38899373352272,4.15763482418033,2.47215114386973,3.01168297670157,3.79490484730776
"42",42,"NM_1984",14.42042447,22.70808279,22.3746653,NA,23.20179407,11.158561,29.75858825,NA,-28.96395404,17.7660232,24.83833333,34.786,1991,"Coastal",148,"M",46.23055556,-123.866666,"WA","NMML",46.416,17.8156,131.1326,-12.966,1992,-13.61346020331,5.15290044421488,7.05114720170454,5.35656519467213,3.03257070402299,3.77749190445026,4.87413508981296
"43",43,"NM_1995",12.39021793,25.18517466,22.64190475,NA,23.77120336,13.26905558,27.95266015,NA,-5.835747928,15.14351517,30.85666667,10.19066667,1991,"Coastal",170,"F",NA,NA,"WA","NMML",48.5963,17.6423,135.0241,-13.1746,1992,-13.82206020331,4.02005090867769,5.49347909034091,4.23300131106557,2.50737992318008,3.05982282696335,3.86274681204552
"44",44,"NM_2001",13.21372114,21.27546016,24.72562541,NA,24.02788956,10.29911985,28.29345852,NA,-21.6036817,20.79241881,16.502,9.665666667,1991,"Coastal",155,"F",46.1331,-123.5713,"WA","NMML",48.5421,16.7595,133.0124,-14.0639,1992,-14.71136020331,4.97770126818182,6.81024833465909,5.18280207745901,2.95134809750958,3.66650185052356,4.71772032566661
"45",45,"NM_2016",NA,24.13070574,27.55959858,NA,NA,12.03476673,29.22332031,NA,-27.48700947,17.66229544,27.37266667,11.93416667,1991,"Coastal",159,"M",46.398712,-124.062234,"WA","NMML",46.9528,17.2948,130.8645,-13.4448,1992,-14.09226020331,4.74462293636364,6.48976562840909,4.95163422377049,2.8432926256705,3.51884489685864,4.50963206221447
"46",46,"NM_2024",NA,22.35456077,24.32785191,NA,NA,10.7354811,26.86648645,NA,-26.80441624,15.74841065,26.86333333,42.17933333,1992,"Coastal",156,"F",NA,NA,"WA","NMML",46.6982,17.0014,130.3131,-14.0446,1993,-14.7097797664514,4.43872055578513,6.06914985511363,4.6482392397541,2.70147581321839,3.32505333638743,4.23652776005174
"47",47,"NM_2025",7.287780522,19.42858615,19.98022396,NA,23.80688443,10.65287416,26.54270611,NA,-19.90632046,15.89787074,22.41333333,5.103,1992,"Coastal",157,"F",46.794664,-124.098201,"WA","NMML",44.9364,16.3401,123.1058,-14.9391,1993,-15.6042797664514,4.36895965495868,5.97322861647727,4.57905014959016,2.66913455268199,3.2808592578534,4.1742464463123
"48",48,"NM_2027",13.1606361,23.87848372,19.69618014,NA,23.67760235,10.98269079,26.76479722,NA,-12.91114002,15.26417126,28.513,9.097,1992,"Coastal",168,"M",46.625299,-123.957213,"WA","NMML",48.8018,17.4521,135.7254,-13.3855,1993,-14.0506797664514,4.33779938057851,5.93038323920454,4.54814528729508,2.65468860172414,3.26111897931937,4.14642709762433
"49",49,"NM_2028",13.16313595,21.703254,24.96493946,NA,24.51272247,8.865713588,27.26719575,NA,-27.00534665,19.93181039,19.19166667,9.511333333,1992,"Coastal",165,"M",46.745916,-124.095354,"WA","NMML",46.8514,17.7579,130.2305,-12.1156,1993,-12.7807797664514,5.09547004685951,6.97218040534091,5.29960553827869,3.0059458837931,3.74110929670157,4.82286223419475
"50",50,"NM_2032",13.00539347,24.02509236,25.12977435,NA,23.85571066,11.26091541,26.69066548,NA,-15.91735568,15.80330958,27.229,10.144,1992,"Coastal",148,"M",46.265153,-123.966564,"WA","NMML",45.4652,17.2414,127.6069,-13.1559,1993,-13.8210797664514,4.23587811942149,5.79024150511363,4.44705944631147,2.60743774885057,3.19655105994764,4.05543357592896
"51",51,"NM_2044",12.81956346,23.63175429,23.8133038,NA,25.07447506,10.81203959,26.54975115,NA,-27.37281986,18.40465283,19.56933333,10.046,1981,"Coastal",158,"M",46.4175,-123.5002778,"WA","NMML",42.0802,17.9678,118.4463,-13.3601,1982,-13.854357842606,4.3249578892562,5.91272618863636,4.53540905409836,2.64873526666667,3.25298379371728,4.13496243847497
"52",52,"NM_2045",12.27932858,20.76659044,26.28268443,NA,24.76978309,13.2075799,30.1020194,NA,-4.306246134,16.90561254,25.67766667,20.64266667,1981,"Coastal",167,"M",46.176001,-123.982239,"WA","NMML",41.0026,17.6852,118.5012,-13.4284,1982,-13.922657842606,4.65954861570248,6.3727884375,4.86725723360655,2.80385204022988,3.46494964659686,4.43367919472715
"53",53,"NM_2048",11.72061858,23.92904808,27.10039527,NA,24.97109128,9.852350448,29.46098859,NA,-35.36649959,17.65777017,23.208,8.628333333,1981,"Coastal",159,"F",46.0511111,-123.9188889,"WA","NMML",46.3842,17.3541,130.4872,-13.9664,1982,-14.460657842606,5.44464739644628,7.45229926102272,5.64592077844262,3.16782503819923,3.96231588989529,5.13460167280123
"54",54,"NM_2050",13.94625469,25.28391198,24.08562673,NA,23.82141483,14.39043195,29.49715648,NA,-9.01291035,17.88143765,29.984,14.74633333,1981,"Coastal",165,"M",46.207228,-123.955586,"WA","NMML",47.8911,17.923,134.4329,-13.2173,1982,-13.711557842606,4.14244097975207,5.66176543806818,4.35438818483606,2.56412014770115,3.13735789816754,3.972014529705
"55",55,"NM_2062",12.23577579,24.20212421,23.26671932,NA,25.41134425,12.91273121,29.9970903,NA,-1.262474654,20.27130465,27.23966667,10.20233333,1982,"Coastal",154,"M",46.2437222,-123.7333333,"WA","NMML",46.0641,18.3572,129.0832,-12.6153,1983,-13.1230845937567,4.71448403429752,6.44832463806818,4.92174236188524,2.82932018448276,3.49975166570681,4.4827245768881
"56",56,"NM_2064",11.19225941,23.38537392,26.94213138,NA,25.88728835,12.83990823,29.71810562,NA,-34.02342282,18.79167042,27.54333333,8.682333333,1982,"Coastal",146,"M",46.16805556,-123.9352778,"WA","NMML",47.2122,18.1152,131.3377,-12.6263,1983,-13.1340845937567,4.65485048471074,6.36632850738636,4.86259761188524,2.80167397950192,3.46197334371728,4.42948478544031
"57",57,"NM_2065",13.38147061,21.19140175,23.44987104,NA,23.65539556,13.35883333,25.8699176,NA,-22.94070833,15.23866667,26.01433333,15.39366667,1982,"Coastal",152,"F",46.96833333,-124.1672222,"WA","NMML",42.7739,16.9694,120.1673,-12.3241,1983,-12.8318845937567,3.39163594586777,4.62940851647727,3.60973729057377,2.21604578333333,2.66171701282722,3.30170890981587
"58",58,"NM_2067",10.09751988,21.18677913,16.96083115,NA,24.01933729,11.45499313,29.54245454,NA,-10.7834506,15.92255842,27.45833333,25.48433333,1982,"Coastal",136,"M",46.245821,-123.867945,"WA","NMML",46.3945,17.8405,130.881,-12.7824,1983,-13.2901845937567,5.00463759793389,6.84728578806818,5.20951761762295,2.96383582126437,3.68356622696335,4.74176861037055
"59",59,"NM_2068",12.60160374,25.81127148,23.51947869,NA,24.32166463,15.17064089,29.03002339,NA,-10.06615851,16.80996907,30.10866667,33.96133333,1982,"Coastal",176,"M",46.204797,-123.949117,"WA",NA,NA,NA,NA,NA,1983,NA,3.7816395661157,5.16566349431818,3.99654415983606,2.39685205938697,2.90878736910995,3.64989732975337
"60",60,"NM_2231",11.22227932,21.07821306,22.14672432,NA,22.86450803,12.11708677,34.52881579,NA,-24.57717053,12.81472079,22.69233333,34.31066667,2013,"Inland",NA,"F",47.320554,-122.574221,"WA","NMML",47.2045,17.8413,131.5467,-10.5979,2014,-11.770592105584,6.25545880743802,8.56716495113636,6.45008619426229,3.54371845095785,4.47597128638743,5.85847993803639
"61",61,"NM_2232",18.06113347,24.69064358,20.99145626,NA,23.32625629,12.05602983,28.27049167,NA,-17.47400636,14.6139983,27.28266667,10.485,2013,"Inland",NA,"F",47.689483,-122.40326,"WA","NMML",55.5454,16.9191,157.1532,-12.9218,2014,-14.094492105584,4.46286086280992,6.10234277727272,4.67218167540983,2.71266729655172,3.3403464104712,4.25807980450308
"62",62,"NM_2233",13.83663688,24.05547425,21.08422358,NA,22.53326077,14.32697832,25.57555802,NA,-10.67557149,14.73799741,29.15066667,14.244,2013,"Inland",NA,"M",47.378484,-122.625431,"WA","NMML",44.2329,17.026,123.7433,-12.4132,2014,-13.585892105584,3.02644867355372,4.12727601704545,3.24754335655738,2.04674440421456,2.4303680078534,2.9756760918449
"63",63,"NM_2233",13.83663688,24.05547425,21.08422358,NA,22.53326077,14.32697832,25.57555802,NA,-10.67557149,14.73799741,29.15066667,14.244,2013,"Inland",NA,"M",47.378484,-122.625431,"WA","NMML",47.7112,17.0187,132.8897,-12.5233,2014,-13.695992105584,3.02644867355372,4.12727601704545,3.24754335655738,2.04674440421456,2.4303680078534,2.9756760918449
"64",64,"NM_2234",15.54098714,24.09619775,23.48808933,NA,22.80199658,11.6237319,26.04870733,NA,-30.94316363,14.83303763,27.102,9.373666667,2013,"Inland",NA,"F",47.579966,-122.409659,"WA","NMML",42.7739,16.3416,121.1143,-13.1792,2014,-14.351892105584,3.9452408268595,5.39061522784091,4.15880442663934,2.4726978545977,3.0124300526178,3.79595767771105
"65",65,"NM_2235",13.59101517,23.94611664,19.93516563,NA,22.39640238,10.2722802,26.67402842,NA,-4.757630255,14.41365349,26.377,9.353,2013,"Inland",NA,"F",47.720204,-122.79073,"WA","NMML",46.1939,16.3935,129.1733,-13.7537,2014,-14.926392105584,4.51703460909091,6.17683167840909,4.72591137459016,2.73778232835249,3.37466590418848,4.30644517892623
"66",66,"NM_2236",12.18072765,23.56414387,9.765487271,NA,20.72850888,13.86935583,26.1108804,NA,-17.09781291,13.8505074,27.38533333,30.71866667,2014,"Inland",NA,"",47.2179,-122.6599,"WA","NMML",42.9932,16.394,119.3807,-14.1314,2015,-15.3361861118319,3.31366413181818,4.52219727215909,3.5324045897541,2.17989793084291,2.61232125628272,3.2320970361714
"67",67,"RM_10273",20.93964753,21.70468063,24.16312159,NA,21.28856894,14.41327274,25.99244541,NA,-22.26237887,17.55400788,26.26458333,10.72975,1979,"Inland",NA,"",48.737991,-123.430264,"WA","RM",41.6143,18.2963,115.7609,-11.6742,1980,-12.1424757489752,3.1220747392562,4.25876185738636,3.34238560204918,2.09107679482759,2.49094787146597,3.06104937299706
"68",68,"RM_10273",20.93964753,21.70468063,24.16312159,NA,21.28856894,14.41327274,25.99244541,NA,-22.26237887,17.55400788,26.26458333,10.72975,1979,"Inland",NA,"",48.737991,-123.430264,"WA","RM",43.6418,18.0237,134.0026,-12.9297,1980,-13.3979757489752,3.1220747392562,4.25876185738636,3.34238560204918,2.09107679482759,2.49094787146597,3.06104937299706
"69",69,"RM_10834",14.37758654,24.73533013,30.64334615,NA,28.39025962,13.91252257,28.57654487,NA,-28.31540142,13.89708518,27.73266667,11.21166667,1982,"Inland",NA,"",49.325751,-122.947681,"WA","RM",36.8801,18.4654,103.3607,-13.4412,1983,-13.9489845937567,4.01438661570248,5.4856906875,4.22738344672131,2.50475394827586,3.05623445287958,3.85768983021585
"70",70,"RM_11409",16.71361053,22.20576943,27.62971899,NA,25.84493876,18.19933289,28.59382686,NA,-32.63017895,12.19845086,26.19966667,8.059,1983,"Inland",NA,"",48.660607,-123.449852,"WA","RM",24.5369,16.9206,68.4252,-11.7278,1984,-12.249481542365,2.77939908223141,3.78758282897727,3.00251876188524,1.93221183505747,2.27386015157068,2.75511453194441
"71",71,"RM_11449",12.02313973,24.53974008,25.14761634,NA,26.28895629,14.9120444,28.44799882,NA,-29.16640616,14.96934991,28.64333333,8.535333333,1982,"Inland",NA,"",48.602875,-123520827,"WA",NA,NA,NA,NA,NA,1983,NA,3.6880859892562,5.03702732613636,3.90375741557377,2.35348047777778,2.8495204434555,3.56637433043992
"72",72,"RM_11768",15.56059184,22.38987241,26.48865601,NA,28.1844172,14.11611234,28.43045367,NA,-29.75189091,17.57848194,27.60233333,11.295,1983,"Inland",NA,"",48.425531,-123.424281,"WA","RM",21.607,18.6133,63.2897,-11.9683,1984,-12.489981542365,3.91323922768595,5.34661302897727,4.12706513565574,2.45786186417624,2.99215678821989,3.76738720894302
"73",73,"RM_12847",13.59197436,23.81823397,32.9689391,NA,26.38508974,14.71579263,28.50993269,NA,-31.42257667,14.4961606,30.19466667,11.59833333,1979,"Inland",NA,"",48.980425,-125.392034,"WA","RM",27.9616,18.8131,83.8712,-12.8222,1980,-13.2904757489752,3.76276778595041,5.13971479659091,3.97782706639344,2.38810307318008,2.89683194816754,3.63304893405648
"74",74,"RM_2361",15.85361616,22.7529063,26.19753606,NA,14.87965815,14.093963,26.31757013,NA,-27.5442181,16.16044916,26.61766667,9.664666667,1937,"Inland",NA,"",48.419694,-123.242538,"WA","RM",36.6028,17.739,113.9363,-14.1979,1938,-14.3485647740719,3.30848140123967,4.51507101761363,3.52726434057377,2.17749520900383,2.60903795575916,3.22746998483801
"75",75,"RM_4934",13.88831314,23.22767746,26.27708575,NA,26.65794037,14.94922054,26.94199091,NA,-22.54262678,20.4240097,27.948,13.549,1942,"Inland",NA,"",48.412071,-123.313368,"WA","RM",42.314,18.8514,140.0507,-13.58,1943,-13.7524413760312,3.24171043760331,4.42326094261363,3.46104067991803,2.14654008793103,2.56673802591623,3.16785803479645
"76",76,"RM_7412",20.69326636,21.29117027,22.74360085,NA,25.61877213,14.73779601,26.75194761,NA,-32.68175704,12.58972954,25.33733333,5.962666667,1971,"Inland",NA,"",48.387819,-123.513779,"WA","RM",26.9365,16.4037,77.061,-12.3778,1972,-12.7551063019606,3.24789509090909,4.43176484090909,3.46717463934426,2.14940730268199,2.57065605235602,3.17337958524009
"77",77,"RM_7714",21.42974329,24.51066644,27.20775607,NA,24.33449771,11.28806572,28.00000007,NA,-25.4820151,13.55043961,25.652,10.12933333,1969,"Inland",NA,"",48.649692,-123.393623,"WA","RM",31.4982,17.795,89.8785,-10.3845,1970,-10.7419721044629,4.60675786983471,6.30020116193182,4.81489919877049,2.77937816954023,3.43150629450262,4.38654853891597
"78",78,"RM_9723",14.93527019,23.40765588,28.29024759,NA,25.56287077,9.853526643,27.12400909,NA,-30.03478797,20.67335827,29.24066667,10.68166667,1977,"Inland",NA,"",48.4198,-123.274305,"WA","RM",25.3137,18.5437,79.9606,-12.9282,1978,-13.3718594792753,4.76832136896694,6.52235097323863,4.97513840692623,2.85427925534483,3.53385804002618,4.53078960890056
"79",79,"RM_9729",10.95524879,23.3864214,24.84461027,NA,26.15873564,11.64369857,27.1379829,NA,-21.48604141,12.48566667,25.05766667,11.014,1969,"Inland",NA,"",49.020474,-123.042875,"WA","RM",44.9737,17.5623,134.3469,-12.0156,1970,-12.3730721044629,4.25454505413223,5.81590854034091,4.46557337336066,2.6160917683908,3.20837670968586,4.07209908918209
"80",80,"RM_9730",21.67453932,21.70182271,22.75160913,NA,25.98426512,11.65878325,26.02046699,NA,-22.42333013,16.878082,23.8055,9.933583333,1969,"Inland",NA,"",49.020474,-123.042875,"WA","RM",25.5985,17.2797,72.8731,-10.6743,1970,-11.0317721044629,3.92693331322314,5.36544239659091,4.14064697459016,2.46421046321839,3.00083209895288,3.7796130493151
"81",81,"RM_9730",21.67453932,21.70182271,22.75160913,NA,25.98426512,11.65878325,26.02046699,NA,-22.42333013,16.878082,23.8055,9.933583333,1969,"Inland",NA,"",49.020474,-123.042875,"WA","RM",3.424,13.66,14.4764,-14.8497,1970,-15.2071721044629,3.92693331322314,5.36544239659091,4.14064697459016,2.46421046321839,3.00083209895288,3.7796130493151
"82",82,"RM_9732",15.10592499,18.19816504,25.38958378,NA,29.49093984,15.21319324,26.98758874,NA,-19.23756357,12.0940077,25.07533333,7.216666667,1969,"Inland",NA,"",49.020474,-123.042875,"WA","RM",25.2612,16.6755,72.0005,-10.845,1970,-11.2024721044629,3.17854415289256,4.33640730113636,3.39839215163934,2.11725610153257,2.52672168848167,3.1114642791365
"83",83,"RM_9733",18.99633518,23.22712127,23.14072334,NA,25.06831173,14.72569534,27.83241045,NA,-23.3952514,14.97929288,26.717625,13.80025,1969,"Inland",NA,"",49.020474,-123.042875,"WA","RM",23.4118,17.2402,67.1679,-11.8219,1970,-12.1793721044629,3.56392585826446,4.86630714602273,3.78061499057377,2.29591965076628,2.77086402539267,3.45552633420398
"84",84,"RM_9733",18.99633518,23.22712127,23.14072334,NA,25.06831173,14.72569534,27.83241045,NA,-23.3952514,14.97929288,26.717625,13.80025,1969,"Inland",NA,"",49.020474,-123.042875,"WA","RM",2.7226,14.2795,12.1999,-16.2413,1970,-16.5987721044629,3.56392585826446,4.86630714602273,3.78061499057377,2.29591965076628,2.77086402539267,3.45552633420398
"85",85,"RM_9802",15.45369748,22.1928398,24.70284545,NA,24.17738203,12.36624135,26.25033616,NA,-25.8006455,21.24276523,25.79766667,10.30333333,1970,"Inland",NA,"",49.020474,-123.042875,"WA","RM",23.2725,17.0746,67.5885,-11.7358,1971,-12.1030553305113,3.78878775495868,5.17549225397727,4.00363375696721,2.40016597068966,2.91331580287958,3.65627910789448
"86",86,"RM_9804",10.46582479,21.7174391,24.71839637,NA,25.31019658,10.92904159,27.81211645,NA,-25.98269923,16.2707056,24.22466667,9.675333333,1969,"Inland",NA,"",49.020474,-123.042875,"WA","RM",43.0499,17.43,134.0166,-12.1834,1970,-12.5408721044629,4.6562613231405,6.36826841022727,4.86399688606557,2.80232804636015,3.46286712094241,4.43074435734718
"87",87,"RM_9874",16.2003634,24.40668983,25.40496248,NA,26.64985036,11.51381038,29.50999256,NA,-16.82083519,14.73366667,26.58366667,9.2155,1970,"Inland",NA,"",49.020474,-123.042875,"WA","RM",43.6757,17.4517,127.1063,-12.973,1971,-13.3402553305113,4.97823451487603,6.81098154886363,5.18333095327869,2.95159531149425,3.66683966649215,4.71819639900095
"88",88,"SI_253041",14.06892536,20.89324645,27.18672824,NA,26.23656123,16.63569812,28.79415194,NA,-24.80188492,12.36495619,24.89833333,8.11,1928,"Inland",NA,"M",48.473108,-122.468463,"WA","SI",24.5646,18.021,71.9643,-6.6578,1929,-6.77596209043339,3.28963540247934,4.48915776931818,3.50857281721311,2.16875817509579,2.59709886753927,3.21064460632914
"89",89,"SI_253042",14.27828165,18.68611062,21.75782653,NA,22.83488388,8.925944569,26.55679496,NA,-26.01126855,12.52795627,25.56877778,9.506777778,1928,"Inland",NA,"F",48.473108,-122.468463,"WA","SI",29.6369,17.7126,85.6968,-10.5404,1929,-10.6585620904334,4.87256003045455,6.66567913278409,5.07852265315574,2.90260445856322,3.59989405070681,4.62385206513288
"90",90,"SI_253043",12.47650963,NA,NA,NA,NA,17.53223865,28.88655924,NA,-6.611066426,19.58166667,7.183,NA,1928,"Inland",NA,"F",48.473108,-122.468463,"WA","SI",39.3264,17.8662,110.2441,-11.2747,1929,-11.3928620904334,3.05703488140496,4.16933205284091,3.27787885778688,2.06092421704981,2.44974461073298,3.00298292396311
"91",91,"SI_274144",32.0102305,25.84248335,26.2555719,NA,25.66628786,15.84088081,28.19665264,NA,-43.67725385,16.48415098,29.664,13.477,1942,"Coastal",NA,"M",46.619545,-123.95812,"WA","SI",23.9366,19.3902,74.4733,-13.5214,1943,-13.6938413760312,3.34671085991736,4.56763652329545,3.56518044303279,2.19521844463602,2.63325661806283,3.26160057778889
"92",92,"SI_274146",14.08519111,15.50832028,18.98265125,NA,20.40453924,7.499578292,17.20994543,NA,-24.01099657,8.878565243,27.253,8.271666667,1942,"Coastal",NA,"F",46.619545,-123.95812,"WA","SI",45.1221,17.4496,128.9884,-13.3494,1943,-13.5218413760312,2.58151115561984,3.51548692988636,2.80625286745902,1.84047068900383,2.14849659596859,2.57844364758753
"93",93,"SI_274152",10.5677297,24.07654808,28.68744658,NA,25.89380021,11.61622728,30.3593547,NA,-28.82899704,19.77665934,25.58833333,9.014666667,1942,"Inland",NA,"M",47.095908,-122.686415,"WA","SI",40.1077,17.4284,123.5741,-11.9956,1943,-12.1680413760312,5.1942930553719,7.10806204204545,5.39761852213115,3.05176038199234,3.8037144486911,4.91108969004639
"94",94,"SI_274153",12.99326428,24.64879899,26.84317969,NA,24.69745826,12.57958677,27.46594686,NA,-26.2119143,12.00533333,26.761,10.88966667,1942,"Inland",NA,"F",47.095908,-122.686415,"WA","SI",39.963,18.4356,113.6882,-10.5314,1943,-10.7038413760312,4.07869919958678,5.57412049034091,4.29116887827869,2.53456936072797,3.09697697984293,3.91510698175545
"95",95,"SI_274154",13.92857123,25.91871755,29.43808148,NA,26.60924833,9.838522647,28.31712193,NA,-23.90604011,14.16300622,23.684,12.3665,1942,"Inland",NA,"M",47.095908,-122.686415,"WA","SI",34.5493,18.3495,98.5093,-9.8041,1943,-9.97654137603122,5.11777665210744,7.00285198755681,5.3217293025,3.01628726017241,3.7552407063089,4.84277718172911
"96",96,"SI_274156",13.63278419,23.36978526,26.54137286,NA,23.98296368,13.94583067,27.63340919,NA,-19.84617229,18.30140142,25.04733333,8.941333333,1942,"Coastal",NA,"F",46.619545,-123.95812,"WA","SI",43.7584,17.3823,127.7107,-12.1703,1943,-12.3427413760312,3.7319442,5.09733236590909,3.94725613278688,2.37381321149425,2.87730496439791,3.60553017491763
"97",97,"SI_276058",13.85736369,19.73631228,24.89545996,NA,24.12747092,10.47712633,23.9203968,NA,-28.7261659,15.76268861,28.1575,9.999,1942,"Coastal",NA,"F",46.490551,-124.0598,"WA","SI",30.2769,18.8113,89.0584,-11.8847,1943,-12.0571413760312,3.6612765822314,5.00016439147727,3.87716775778688,2.34105159559387,2.83253647356021,3.54243936012993
"98",98,"SI_276059",13.73065677,18.76735291,23.43735647,NA,23.87007122,6.014049229,21.73708185,NA,-24.85705759,11.4235688,18.60833333,10.849,1942,"Coastal",NA,"F",46.619545,-123.95812,"WA","SI",42.7058,18.8196,121.3677,-13.789,1943,-13.9614413760312,4.32071191516529,5.90688797426136,4.53119788307377,2.64676682657088,3.25029393578534,4.13117170697133
"99",99,"SM_15182",12.33999319,23.15328166,25.91909483,NA,25.04502158,9.725371948,25.6215866,NA,-23.61819932,13.33513629,29.01866667,10.91933333,1970,"Inland",NA,"M",47.228131,-122.677532,"WA","SM",16.8438,17.6128,52.6257,-11.9991,1971,-12.3663553305113,4.37080589107438,5.97576719113636,4.58088125262295,2.66999047057471,3.28202886293194,4.17589473366807
"100",100,"SM_15204",28.83122509,22.95442612,28.50791409,NA,15.16807775,10.73133333,29.43034407,NA,-3.700708333,21.05633333,27.5805,12.012,1971,"Inland",NA,"M",47.228131,-122.677532,"WA","SM",12.5391,18.4696,42.5145,-12.4283,1972,-12.8056063019606,5.18153203223141,7.09051563522727,5.38496209754098,3.04584435210728,3.79563024031413,4.89969687148421
"101",101,"SM_15209",14.23699372,23.49011433,28.40083299,NA,15.53266569,NA,27.29668746,NA,NA,NA,26.06266667,10.19433333,1970,"Inland",NA,"",47.368651,-122.546965,"WA","SM",42.9213,18.3053,123.9942,-11.807,1971,-12.1742553305113,NA,NA,NA,NA,NA,NA
"102",102,"SM_15210",13.99651289,22.38082517,25.69799828,NA,13.82722294,9.891491838,24.95623625,NA,-16.60929167,17.08933333,22.58333333,8.676333333,1970,"Inland",NA,"",47.368651,-122.546965,"WA","SM",45.8797,17.1887,131.6636,-10.8364,1971,-11.2036553305113,4.13029797041322,5.64506880022727,4.34234470836065,2.55849062996169,3.12966520638743,3.96117346307005
"103",103,"SM_15274",11.99825773,24.60193119,25.27584659,NA,16.23462689,11.62738235,30.57672664,NA,-8.698946392,13.20455556,24.16966667,8.380555556,1969,"Coastal",NA,"F",46.906289,-124.121322,"WA","SM",46.8973,17.5144,129.5929,-11.4084,1970,-11.7658721044629,5.25394256322314,7.1900801153409,5.45677909959016,3.07941398524904,3.84150288036649,4.96434372875395
"104",104,"SM_16043",14.08771607,23.23886727,28.47074399,NA,16.27996778,11.92696435,28.08811856,NA,-19.76595833,20.407,25.92716667,9.9605,1972,"Inland",NA,"F",47.216785,-122.660398,"WA","SM",41.4759,17.5863,117.6467,-11.7217,1973,-12.1093323464141,4.44744130041322,6.08114087897727,4.65688850286885,2.7055187637931,3.33057799659686,4.24431348852986
"105",105,"SM_16044",13.83679575,20.84683376,26.92375172,NA,-38.18680412,11.14666495,26.51416452,NA,-20.53011985,13.38,24.87908333,25.98866667,1977,"Inland",NA,"F",47.216785,-122.660398,"WA","SM",16.0159,18.2331,46.7627,-10.3312,1978,-10.7748594792753,4.21787177644628,5.76548278352272,4.42920069631147,2.59908998065134,3.18514390026178,4.03935782743872
"106",106,"SM_16056",13.5869639,24.47034491,26.81222719,NA,12.73041103,NA,28.70761958,NA,NA,NA,5.690666667,9.453333333,1972,"Inland",129.5,"M",48.319011,-122.83727,"WA","SM",44.1685,16.9248,130.7337,-13.5745,1973,-13.9621323464141,NA,NA,NA,NA,NA,NA
"107",107,"SM_16062",21.79572229,25.3458518,29.25999055,NA,15.46275601,9.599780069,28.95765765,NA,-21.70404854,23.05666667,27.07316667,11.18766667,1972,"Inland",144.8,"M",48.322464,-122.824309,"WA","SM",40.9513,17.5725,118.0101,-13.1759,1973,-13.5635323464141,5.37211334987604,7.35256494698863,5.5739812732377,3.13419814304598,3.91636500175393,5.06984454298046
"108",108,"SM_16095",11.47867348,22.97238501,24.83490517,NA,26.54997842,8.932294719,25.3674134,NA,-29.90746735,11.91119705,33.13666667,11.57266667,1972,"Coastal",67.3,"F",46.929986,-124.168851,"WA","SM",9.9365,17.1952,30.1034,-15.0031,1973,-15.3907323464141,4.52668722177686,6.19010402085227,4.7354848675,2.74225729438697,3.38078091013089,4.3150628629294
"109",109,"SM_16096",17.87818055,22.97298258,22.07811742,NA,12.70204773,7.736419923,29.9368947,NA,-10.40197143,20.81366667,25.87883333,7.568333333,1972,"Coastal",149.9,"F",46.929986,-124.168851,"WA","SM",43.8024,16.851,124.7617,-13.4157,1973,-13.8033323464141,6.19435220822314,8.4831433772159,6.38948046881147,3.51538933791188,4.43725977589005,5.80392503361049
"110",110,"SM_16096",17.87818055,22.97298258,22.07811742,NA,12.70204773,7.736419923,29.9368947,NA,-10.40197143,20.81366667,25.87883333,7.568333333,1972,"Coastal",149.9,"F",46.929986,-124.168851,"WA","SM",69.5333,17.5096,201.3859,-13.6958,1973,-14.0834323464141,6.19435220822314,8.4831433772159,6.38948046881147,3.51538933791188,4.43725977589005,5.80392503361049
"111",111,"SM_16097",13.628954,25.60126193,28.00741767,NA,17.98449415,10.37299081,26.70884572,NA,-21.81458105,21.0185741,25.77666667,15.04144444,1972,"Coastal",77.5,"F",46.929986,-124.168851,"WA","SM",33.9214,19.1099,95.7261,-11.4618,1973,-11.8494323464141,4.4979745607438,6.15062411193182,4.70700755614754,2.72894606072797,3.36259121387435,4.28942870068509
"112",112,"SM_20085",12.59427591,22.78580338,24.45010011,NA,18.0205669,13.57942672,25.88000491,NA,-19.9514754,18.99868581,25.42566667,12.119,1975,"Inland",NA,"M",47.216785,-122.660398,"WA","SM",45.74,18.802,126.2551,-11.4019,1976,-11.8222372350193,3.33074575743802,4.54568450738636,3.54934620204918,2.187816998659,2.62314260026178,3.24734721315887
"113",113,"SM_20087",15.16913703,23.72695533,26.00143643,NA,14.48109837,16.02772852,28.59527878,NA,-16.41247723,21.02,25.84766667,10.37533333,1976,"Inland",NA,"F",47.216785,-122.660398,"WA","SM",43.8094,17.5347,128.5901,-12.1974,1977,-12.6292409415615,3.40796908347107,4.65186658068182,3.62593655,2.22361785095785,2.67206418376963,3.31629084977608
"114",114,"SM_21180",16.33996692,22.286125,26.33216667,NA,14.547375,13.45198582,25.768,NA,-14.16879167,23.428,27.90033333,10.691,1976,"Inland",NA,"F",47.216785,-122.660398,"WA","SM",42.9242,18.1675,138.6375,-13.853,1977,-14.2848409415615,3.33521071322314,4.55182382159091,3.55377455983606,2.18988695900383,2.62597118481675,3.25133344769414
"115",115,"SM_21182",11.54697079,24.68708806,19.54566924,NA,16.05786125,15.14690163,26.00309192,NA,-11.14110696,23.36366667,29.218,19.60666667,1976,"Inland",NA,"F",47.216785,-122.660398,"WA","SM",45.889,18.6728,129.4314,-11.7437,1977,-12.1755409415615,2.91294760454545,3.97121204715909,3.13497262418033,1.99412513467433,2.35846418926702,2.87434431996524
"116",116,"SM_25695",15.72408848,22.02062561,27.78098661,NA,13.77729508,NA,27.3901444,NA,NA,NA,31.106,7.836333333,1977,"Coastal",NA,"M",47.096914,-124.187536,"WA","SM",22.3245,16.8882,63.8765,-12.8034,1978,-13.2470594792753,NA,NA,NA,NA,NA,NA
"117",117,"SM_25696",15.23742297,23.63141624,22.79005298,NA,14.10223625,11.63570475,28.3335746,NA,-22.79271406,21.448,28.52088889,15.74666667,1977,"Coastal",NA,"M",47.096914,-124.187536,"WA","SM",46.9149,18.1578,131.8381,-12.4578,1978,-12.9014594792753,4.60268962603306,6.29460732670454,4.81086430122951,2.77749212547893,3.42892903010471,4.38291648191015
"118",118,"SM_25700",15.30893584,20.21275427,26.67473347,NA,13.67733373,NA,27.81385835,NA,NA,NA,28.72866667,6.141333333,1977,"Coastal",NA,"M",47.311683,-124.279235,"WA","SM",24.3998,17.0688,69.0155,-12.8295,1978,-13.2731594792753,NA,NA,NA,NA,NA,NA
"119",119,"SM_25701",14.19662222,23.7884705,25.52622138,NA,17.3290281,12.48603469,28.57999307,NA,-14.54952116,16.70894781,25.47566667,10.3925,1977,"Coastal",NA,"F",47.311683,-124.279235,"WA","SM",47.0659,17.2099,130.4056,-12.1046,1978,-12.5482594792753,4.42800449008265,6.05441526477272,4.63761101065574,2.69650782873563,3.31826462460733,4.22696064377081
"120",120,"SM_25702",11.36210095,25.32801031,27.45427749,NA,15.32324012,13.10449657,28.13262156,NA,-21.98938273,22.505,29.39766667,18.018,1977,"Coastal",NA,"F",47.311683,-124.279235,"WA","SM",43.4513,19.5393,133.173,-14.3053,1978,-14.7489594792753,4.11970557561984,5.63050425738636,4.33183913647541,2.55357997950192,3.12295484109948,3.9517167580166
"121",121,"SM_25705",14.37312715,22.20263101,26.44793986,NA,13.4027195,10.39486125,27.89960223,NA,-19.48129167,15.82633333,30.5535,8.240666667,1977,"Coastal",NA,"F",47.311683,-124.279235,"WA","SM",24.6639,17.185,69.7213,-11.6794,1978,-12.1230594792753,4.83608210165289,6.61552198068182,5.04234372377049,2.8856932348659,3.57678499633508,4.59128520746124
"122",122,"SM_25706",15.30327831,22.30383419,22.90750331,NA,15.34909006,11.52920804,28.01066638,NA,-7.219271536,26.39233333,28.61066667,10.70833333,1977,"Coastal",NA,"M",46.983304,-123.984406,"WA","SM",46.63,18.958,128.8206,-14.1653,1978,-14.6089594792753,4.5400912553719,6.20853456704545,4.74877903196721,2.74847142490421,3.38927247068063,4.32702974999388
"123",123,"SM_25711",17.85029167,23.825,23.68108333,NA,14.06079167,12.62169868,29.079125,NA,-18.81595833,17.07866667,20.29433333,7.547,1977,"Coastal",NA,"F",46.983304,-123.984406,"WA","SM",51.4474,16.933,141.8842,-12.5467,1978,-12.9903594792753,4.5331398446281,6.19897637727273,4.7418846,2.74524874022989,3.3848686973822,4.32082365190258
"124",124,"SM_25712",9.981946735,23.20752792,26.71563746,NA,14.89595662,NA,28.40518299,NA,NA,NA,24.204,7.913333333,1977,"Coastal",NA,"F",46.983304,-123.984406,"WA","SM",47.9208,17.1176,132.0061,-12.7521,1978,-13.1957594792753,NA,NA,NA,NA,NA,NA
"125",125,"SM_25714",11.67806069,22.27262642,23.80933681,NA,18.68489794,13.3201865,27.95909584,NA,-16.48609164,17.84262124,28.03583333,12.629,1977,"Coastal",NA,"M",47.227824,-124.212433,"WA","SM",47.2322,18.3784,131.5151,-12.7949,1978,-13.2385594792753,4.00712253636364,5.47570257840909,4.22017890901639,2.50138630996169,3.05163260157068,3.8512045870643
"126",126,"SM_25740",13.24748675,20.33742567,26.51557818,NA,21.7084205,11.56626055,27.22231352,NA,NA,8.767114708,28.7525,11.80708333,1978,"Coastal",NA,"F",47.227824,-124.212433,"WA","SM",13.7626,18.7539,40.6014,-13.9958,1979,-14.4516014643983,4.30133763595041,5.88024834034091,4.51198240942623,2.63778488103448,3.23802017774869,4.11387468890014
"127",127,"SM_25742",13.47819416,23.71439218,21.0549854,NA,14.59716838,12.30440507,29.57453909,NA,-7.492486254,19.60266667,27.57333333,11.732,1978,"Coastal",NA,"M",47.227824,-124.212433,"WA","SM",40.9317,18.7861,119.4582,-13.2305,1979,-13.6863014643983,4.76822058429752,6.52221239431818,4.97503844836065,2.85423253141762,3.5337941921466,4.53069963010812
"128",128,"SM_25743",14.50693256,23.43498582,26.79255842,NA,14.92987844,11.41138875,26.06463402,NA,-21.361625,19.721,30.5295,8.595666667,1978,"Coastal",NA,"F",47.227824,-124.212433,"WA","SM",25.3524,17.1007,73.0839,-12.887,1979,-13.3428014643983,4.01126929297521,5.48140436875,4.22429167581967,2.50330875268199,3.05425960445026,3.85490673893543
"129",129,"SM_25744",14.63236089,24.49910309,26.17877491,NA,14.72719287,7.329783896,29.54817397,NA,-22.16997158,16.44233333,30.42116667,8.776,1978,"Coastal",NA,"F",47.227824,-124.212433,"WA","SM",36.8855,17.905,103.0373,-12.9062,1979,-13.3620014643983,6.19953431892562,8.49026877943181,6.39462010319672,3.51779177237548,4.44054268371728,5.80855153152938
"130",130,"SM_25892",9.383446735,23.42323411,25.28986254,NA,13.81449699,11.94923239,28.59998625,NA,-9.870087199,18.83566667,28.421,10.81433333,1977,"Inland",NA,"F",48.322464,-122.824309,"WA","SM",48.1672,18.5754,133.3175,-12.7032,1978,-13.1468594792753,4.5890610338843,6.2758680125,4.79734741885246,2.77117388927203,3.42029520994764,4.37074911289129
"131",131,"SM_25893",13.59944987,23.82621625,28.373147,NA,15.91103904,NA,27.5515723,NA,NA,NA,21.77733333,14.35,1977,"Inland",NA,"F",48.322464,-122.824309,"WA","SM",41.9478,18.8966,120.7488,-11.0742,1978,-11.5178594792753,NA,NA,NA,NA,NA,NA
"132",132,"SM_25894",13.49829596,23.8455189,23.24507818,NA,15.55036383,9.895883162,27.81556314,NA,-16.84985782,18.90666667,26.46333333,11.76666667,1977,"Inland",NA,"F",48.322464,-122.824309,"WA","SM",45.8444,18.0628,126.7408,-12.672,1978,-13.1156594792753,4.95610577876033,6.78055453670454,5.1613836002459,2.94133639551724,3.65282093837696,4.69844024992099
"133",133,"SM_25895",16.04674945,24.4914643,26.69773153,NA,15.03433873,10.32963181,26.72878968,NA,-19.69867133,25.26133333,25.75816667,12.901,1977,"Inland",NA,"F",48.322464,-122.824309,"WA","SM",46.793,18.2419,131.76,-12.9734,1978,-13.4170594792753,4.51628533429752,6.17580142556818,4.72516824139344,2.73743496340996,3.37419123272251,4.30577623947832
"134",134,"SM_25896",12.13868449,23.32814304,25.1256555,NA,14.35289347,12.52489691,30.96695146,NA,-3.765232388,18.665,27.6465,9.583333333,NA,"Coastal",NA,"F",46.703882,-123.971109,"WA",NA,NA,NA,NA,NA,NA,NA,5.10720586157025,6.98831715056818,5.31124515778688,3.01138662547893,3.74854402748691,4.83333976457823
"135",135,"SM_27370",18.27006529,23.45304081,21.38874656,NA,15.41260825,12.13585266,27.5323793,NA,0.017615979,18.53233333,26.95366667,12.49666667,1979,"Inland",NA,"M",47.216785,-122.660398,"WA","SM",46.8269,18.3517,132.57,-11.2825,1980,-11.7507757489752,4.22626803636364,5.77702764090909,4.43752813442623,2.60298249961686,3.19046299685864,4.04685386163489
"136",136,"UA_11475",11.88563192,22.64929111,24.63154788,NA,25.64174782,11.29903508,28.05548216,NA,-24.99486493,15.09202572,27.39083333,10.07383333,1962,"SC",NA,"M",59.25,-151.25,"AK","UA",44.4192,17.2376,123.15,-12.9576,1963,-13.2535105845942,4.61963345289256,6.31790508863636,4.82766924426229,2.78534730957854,3.43966307748691,4.39804363457133
"137",137,"UA_11712",14.62541903,22.85714898,24.08778715,NA,23.81209828,10.11435443,26.77213647,NA,-32.35077242,16.15891082,26.349,7.259666667,1972,"SE",1245,"M",57.31666667,-133.5,"AK","UA",42.544,16.3356,121.4365,-14.3723,1973,-14.7599323464141,4.5910939785124,6.27866331136363,4.7993637,2.77211636551724,3.42158309633508,4.37256409034567
"138",138,"UA_11712",14.62541903,22.85714898,24.08778715,NA,23.81209828,10.11435443,26.77213647,NA,-32.35077242,16.15891082,26.349,7.259666667,1972,"SE",1245,"M",57.31666667,-133.5,"AK","UA",35.7177,16.0679,103.6585,-14.2385,1973,-14.6261323464141,4.5910939785124,6.27866331136363,4.7993637,2.77211636551724,3.42158309633508,4.37256409034567
"139",139,"UA_11713",12.82847691,24.18158185,24.31755773,NA,23.73680195,11.3619661,27.18928878,NA,-32.52043976,14.4862648,26.40933333,9.011666667,1965,"SE",NA,"",55.28333333,-132.0666667,"AK","UA",39.3885,16.5685,115.2798,-13.8185,1966,-14.13937682592,4.35087846115703,5.948366975,4.56111716229508,2.6607520835249,3.26940467958115,4.15810387231163
"140",140,"UA_11738",11.41818798,22.78831291,25.02696211,NA,23.43421966,8.287024275,25.32507697,NA,-24.6200296,15.01027975,20.0805,8.979833333,1973,"SC",1530,"F",59.8,-149.5,"AK","UA",43.7671,16.215,121.0512,-13.7299,1974,-14.1281409920155,4.70108962252066,6.429907321875,4.90845774036885,2.82311051465517,3.49126620065445,4.47076628001483
"141",141,"UA_11740",12.09170064,22.06245182,23.91568961,NA,23.14069383,9.309111604,26.69285184,NA,-25.49894301,14.55164898,25.54683333,8.104833333,1973,"SC",130,"F",60.4,-147.6166667,"AK","UA",41.9367,15.971,115.7986,-13.7008,1974,-14.0990409920155,4.80108188644628,6.56739668477272,5.00763039557377,2.86946708145594,3.55461208513089,4.56003762667592
"142",142,"UA_11742",13.07190149,21.68846425,24.75418121,NA,23.7073535,10.12631679,25.80489369,NA,-24.71951069,15.63116644,26.65666667,9.011333333,1973,"SC",116,"F",60.4,-147.6166667,"AK","UA",43.6252,16.7096,120.8407,-13.4086,1974,-13.8068409920155,4.30785282231405,5.88920672159091,4.51844419262295,2.64080533141762,3.24214759947644,4.11969133348439
"143",143,"UA_11743",17.22115332,21.53838556,23.36165538,NA,23.96195219,21.50036809,24.46363491,NA,-27.58107151,21.30689114,27.943,10.69633333,1973,"SC",137,"M",60.4,-147.6166667,"AK","UA",41.7885,20.2015,120.1829,-12.0964,1974,-12.4946409920155,0.629870567768595,0.83198112159091,0.870609333606558,0.935687121455939,0.912116956544503,0.836053020193301
"144",144,"UA_11743",17.22115332,21.53838556,23.36165538,NA,23.96195219,21.50036809,24.46363491,NA,-27.58107151,21.30689114,27.943,10.69633333,1973,"SC",137,"M",60.4,-147.6166667,"AK","UA",31.9883,16.5519,90.7157,-13.4465,1974,-13.8447409920155,0.629870567768595,0.83198112159091,0.870609333606558,0.935687121455939,0.912116956544503,0.836053020193301
"145",145,"UA_11747",12.2669721,21.72990016,22.533795,NA,22.61087337,13.49253471,26.40074615,NA,-19.70855669,16.40026247,24.808,8.8125,1973,"SC",102,"F",60.4,-147.6166667,"AK","UA",45.3818,16.6759,127.4654,-13.8089,1974,-14.2071409920155,3.50650744132232,4.78735682272727,3.72366721639344,2.26930038467433,2.73448900732984,3.40426417448944
"146",146,"UA_11770",12.25039816,22.60544109,24.68858289,NA,18.91725577,13.00728982,27.08975607,NA,-9.323336886,16.79532889,24.87683333,9.579833333,1972,"SC",1410,"M",60.16666667,-147.25,"AK","UA",46.0013,16.713,129.275,-13.4265,1973,-13.8141323464141,3.84616792355372,5.25438998579545,4.06054359631147,2.42676750478927,2.94966659031414,3.70750712015281
"147",147,"UA_11771",13.43984902,23.24771596,21.51599304,NA,24.2405071,13.3684849,28.31937285,NA,-25.67322232,15.48805543,26.08041667,9.470916667,1980,"SC",1320,"F",60.25,-147.4666667,"AK","UA",44.2565,16.538,125.2201,-13.2065,1981,-13.6875914273121,4.09736428305785,5.59978498011363,4.30968096926229,2.54322252203065,3.10880145680628,3.93177084225414
"148",148,"UA_11771",13.43984902,23.24771596,21.51599304,NA,24.2405071,13.3684849,28.31937285,NA,-25.67322232,15.48805543,26.08041667,9.470916667,1972,"SC",1320,"F",60.25,-147.4666667,"AK","UA",44.2565,16.538,125.2201,-13.2065,1973,-13.5941323464141,4.09736428305785,5.59978498011363,4.30968096926229,2.54322252203065,3.10880145680628,3.93177084225414
"149",149,"UA_11774",11.90238677,22.89332171,25.2260296,NA,25.19488499,9.243258067,26.78009969,NA,-25.88060591,15.86172476,27.22366667,10.19466667,1972,"SC",1130,"F",60.25,-147.4666667,"AK","UA",44.2875,16.7945,125.5098,-13.4397,1973,-13.8273323464141,4.84536741161157,6.628289281875,5.05155292463115,2.8899979187931,3.58266731311518,4.5995749700052
"150",150,"UA_11777",12.70605943,24.94300814,27.9049889,NA,26.46616578,10.86133866,28.87627679,NA,-25.5156962,18.05394546,26.80133333,11.59666667,1972,"SE",1321,"F",57.31666667,-133.5,"AK","UA",44.5315,19.0281,131.4448,-12.7731,1973,-13.1607323464141,4.98365978966942,6.81844130170454,5.18871175860655,2.95411047720306,3.67027662068063,4.72303998957284
"151",151,"UA_11779",NA,22.47344242,23.81949556,NA,23.595246,8.82982312,23.40487522,NA,-28.17958156,11.63115912,22.87066667,9.556,1972,"SE",1334,"F",57.25055556,-135.3836111,"AK","UA",43.2147,16.1616,128.4296,-14.3894,1973,-14.7770323464141,3.9886514338843,5.4503048125,4.20185920901639,2.49282307854406,3.039931013089,3.83471390940675
"152",152,"UA_11816",11.98494782,23.13786638,25.34034044,NA,22.8049274,9.620967769,25.96106309,NA,-24.04238458,16.34416811,29.27416667,11.0445,1973,"SC",138,"F",60.4,-147.6166667,"AK","UA",41.3075,16.5144,125.4745,-14.2481,1974,-14.6463409920155,4.49920112590909,6.15231063903409,4.7082240675,2.72951469821839,3.36336825253927,4.29052375664017
"153",153,"UA_11817",12.3462224,21.18560044,25.17444649,NA,22.83890397,10.92129761,24.72313156,NA,-23.8491409,14.78027973,26.20833333,8.426333333,1973,"SC",139,"F",60.4,-147.6166667,"AK","UA",44.1704,16.3531,128.5499,-13.9599,1974,-14.3581409920155,3.76499329132231,5.14277486647727,3.98003432991803,2.38913482088123,2.89824182329843,3.63503582637945
"154",154,"UA_11827",11.32150629,22.99267503,24.60078848,NA,26.80370804,13.66581313,28.9607796,NA,-24.41477546,15.79023901,27.39733333,9.956833333,1975,"BB",149,"M",60.28333333,-148.0166667,"AK","UA",44.5958,17.4308,126.9187,-12.9853,1976,-13.4056372350193,4.19689112768595,5.73663439147727,4.40839202008197,2.5893633197318,3.17185249450262,4.02062667069592
"155",155,"UA_11836",12.04110862,19.92833791,23.03947597,NA,20.51402264,13.51143348,22.14541197,NA,-19.77558574,14.80049299,21.64233333,9.5355,1973,"SC",104,"M",60.23333333,-147.3833333,"AK","UA",41.5004,16.7699,129.0737,-14.7285,1974,-15.1267409920155,2.27015906735537,3.08737780852273,2.4974528454918,1.69612738371648,1.95125260287958,2.30047394159319
"156",156,"UA_11920",12.50629085,22.13219831,24.26766855,NA,22.73257945,11.05359455,24.66197169,NA,-31.2927661,14.78497084,26.7445,7.421833333,1975,"SC",148.3,"F",60.33333333,-145.1666667,"AK","UA",45.1524,16.1103,128.8325,-14.8142,1976,-15.2345372350193,3.70903470991736,5.06583181704545,3.92453442540984,2.36319233678161,2.86279162251309,3.58507698233347
"157",157,"UA_11921",13.56789429,22.48827454,22.86279134,NA,21.72372043,14.94294219,26.44854172,NA,-25.16526734,16.20620664,31.35566667,9.573666667,1972,"SC",147.5,"F",60.45,-144.9166667,"AK","UA",42.8033,16.825,119.9884,-13.8686,1973,-14.2562323464141,3.10079325247934,4.22949981306818,3.32127855368852,2.08121066494253,2.47746588246073,3.04204963332786
"158",158,"UA_11921",13.56789429,22.48827454,22.86279134,NA,21.72372043,14.94294219,26.44854172,NA,-25.16526734,16.20620664,31.35566667,9.573666667,1972,"SC",147.5,"F",60.45,-144.9166667,"AK","UA",38.1682,18.0371,108.6082,-13.3542,1973,-13.7418323464141,3.10079325247934,4.22949981306818,3.32127855368852,2.08121066494253,2.47746588246073,3.04204963332786
"159",159,"UA_19119",13.1256643,26.3013878,26.26616815,NA,29.16520012,12.68146596,31.61285198,NA,-31.2271794,19.04623505,28.95833333,9.566666667,1972,"SE",1448,"M",57.31666667,-133.5,"AK","UA",43.3945,18.8274,117.9055,-11.7186,1973,-12.1062323464141,5.24874802231405,7.1829376215909,5.45162713688524,3.0770057881226,3.83821209790576,4.95970613336371
"160",160,"UA_19122",12.95065053,20.85934073,23.31667925,NA,23.83724571,8.193301214,25.528172,NA,-29.55084754,16.3557161,24.718,7.046333333,1972,"SE",1600,"M",57.31666667,-133.5,"AK","UA",42.3821,16.0257,121.5589,-14.4495,1973,-14.8371323464141,4.78694609512397,6.54795997170454,4.99361047139344,2.86291370693487,3.54565695031414,4.54741743909419
"161",161,"UA_19123",13.88382948,26.16983141,27.64448742,NA,27.29906187,10.50017451,28.87726599,NA,-28.73223105,18.10381927,32.02266667,11.73566667,1972,"SE",1536.7,"M",57.31666667,-133.5,"AK","UA",45.673,18.7451,130.2468,-12.4359,1973,-12.8235323464141,5.08841489090909,6.96247956590909,5.29260821147541,3.00267510268199,3.7366398,4.81656351419512
"162",162,"UA_19124",16.24270236,23.77559751,23.97857351,NA,22.60862638,12.96005757,27.78132134,NA,-33.22825665,19.61024777,29.819,10.65133333,1972,"SE",1460.5,"F",57.55,-133.5166667,"AK","UA",41.3811,17.1481,119.4303,-12.5804,1973,-12.9680323464141,4.05986968553719,5.54822990852272,4.2724937045082,2.52583996915709,3.08504833481675,3.89829632050839
"163",163,"UA_19159",12.50804603,25.8345259,26.9800071,NA,27.23199097,16.92511294,30.7904029,NA,-22.27477649,19.51236271,31.41883333,13.855,1981,"BB",NA,"M",56.9,-158.8,"AK","UA",44.9301,20.4049,125.6486,-11.6924,1982,-12.186657842606,3.78334833553719,5.16801305227272,3.99823892295082,2.39764424750958,2.90986988795811,3.65142288924568
"164",164,"UA_19161",11.62772555,25.85589696,26.14977462,NA,27.71395518,17.16733922,26.21360746,NA,-27.4880229,19.2197985,24.80433333,10.59466667,1981,"BB",NA,"M",56.9,-158.8,"AK","UA",34.9287,19.7269,96.3534,-11.8283,1982,-12.322557842606,2.38941643305785,3.25135668636364,2.61573269180328,1.75141528122605,2.02680308062827,2.40694483461582
"165",165,"UA_19172",22.25380943,25.49459532,25.80491378,NA,27.56744057,14.4105091,28.94290882,NA,-30.74493761,20.04058422,29.623,12.53133333,1981,"BB",1423,"M",55.88333333,-160.4666667,"AK","UA",41.7489,19.3342,118.2925,-13.1271,1982,-13.621357842606,3.97631396859504,5.43334079772727,4.1896228704918,2.48710341072797,3.03211513193717,3.82369923589585
"166",166,"UA_19173",12.78464882,25.09381301,26.21155931,NA,23.60837475,15.02239851,28.90532733,NA,-13.93887561,19.08158403,28.93133333,12.7055,1981,"BB",NA,"F",55.88333333,-160.4666667,"AK","UA",48.4735,20.248,134.7023,-12.8453,1982,-13.339557842606,3.78845048512397,5.17502850795454,4.00329925163934,2.40000961187739,2.91310213979057,3.65597799927716
"167",167,"UA_19174",11.2287841,23.63804449,25.10627085,NA,25.51127543,13.30931174,25.57010599,NA,-23.90969382,15.49729441,24.70966667,11.361,1981,"BB",NA,"M",55.88333333,-160.4666667,"AK","UA",43.8884,18.5015,126.3657,-14.1078,1982,-14.602057842606,3.31923800619835,4.52986134943182,3.53793277663934,2.18248198754789,2.61585234947644,3.23707329385877
"168",168,"UA_19175",10.15163314,25.79730758,25.28239972,NA,25.57878353,15.35604063,29.3290971,NA,-24.51601828,16.80572957,29.31966667,12.089,1981,"BB",NA,"F",55.88333333,-160.4666667,"AK","UA",43.0111,19.1445,120.5389,-12.6304,1982,-13.124657842606,3.81452046652893,5.21087473238636,4.02915554467213,2.41209569521073,2.92961767774869,3.67925282330937
"169",169,"UA_21485",14.27073209,24.38176658,25.47114091,NA,24.00063173,11.03356705,27.60837419,NA,-30.74886427,13.93576036,27.441,9.365333333,1965,"SE",NA,"F",55.87922,-131.112593,"AK","UA",39.3114,17.0044,114.7264,-13.1363,1966,-13.45717682592,4.56709297438017,6.24566193068181,4.77555942540983,2.76098946321839,3.40637827172775,4.35113641308359
"170",170,"UA_28932",12.99710805,27.32338025,25.73274334,NA,27.08664387,11.8915948,30.19934192,NA,-37.04196588,20.15314987,30.68733333,11.88133333,1965,"SE",NA,"F",55.925577,-131.158094,"AK","UA",37.665,18.9773,117.3108,-13.0549,1966,-13.37577682592,5.06835660495868,6.93489942272727,5.27271433770492,2.99337605057471,3.72393271832461,4.79865582685804
"171",171,"UA_28933",14.39448283,23.60970115,24.36150148,NA,22.87145411,11.425295,26.51946892,NA,-30.00543117,10.66178197,27.20733333,8.530666667,1965,"SE",NA,"F",55.35,-131.7666667,"AK","UA",39.4286,16.3271,112.0569,-12.725,1966,-13.04587682592,4.13881063801653,5.65677371818182,4.3507876,2.56243711570881,3.13505804816754,3.96877342401494
"172",172,"UA_28935",20.21478996,24.52929781,23.19079559,NA,26.14171004,14.8610934,28.81696152,NA,-34.46362004,19.92479366,29.298,12.222,1966,"BB",NA,"M",56.91666667,-158.6833333,"AK","UA",42.6211,18.9912,122.063,-12.9681,1967,-13.2977585196031,3.80954862975207,5.20403845681818,4.02422446065574,2.4097907440613,2.92646798010471,3.6748140542784
"173",173,"UA_28936",9.557999673,26.26758391,28.10272162,NA,27.6886984,18.88829997,28.5602244,NA,-23.48364802,19.05203075,31.60566667,12.48366667,1966,"BB",NA,"F",56.91666667,-158.6833333,"AK","UA",45.7684,20.1751,127.7796,-11.9112,1967,-12.2408585196031,2.57039136404959,3.50019721647727,2.79522422172131,1.83531553659004,2.14145212068063,2.56851609190377
"174",174,"UA_28937",11.02194112,25.25676971,25.81489205,NA,28.00504482,18.38866078,29.01772588,NA,-22.5209771,20.9532015,31.85733333,11.735,1966,"BB",NA,"F",56.91666667,-158.6833333,"AK",NA,NA,NA,NA,NA,1967,NA,2.84725023553719,3.88087816477273,3.06981375819672,1.96366773371648,2.31684439005236,2.81569085645509
"175",175,"UA_28938",10.76482238,25.33302131,28.08585554,NA,27.27679396,12.42084429,30.05616637,NA,-18.17889165,18.50592362,28.28033333,12.49233333,1966,"BB",NA,"F",56.91666667,-158.6833333,"AK",NA,NA,NA,NA,NA,1967,NA,4.87385349421488,6.66745764545454,5.0798055147541,2.90320411034483,3.60071347015707,4.62500684698508
"176",176,"UA_28940",13.72788795,26.04861812,23.45032342,NA,26.56294538,14.89327487,29.96966963,NA,-35.19497795,19.68532356,30.004,12.777,1966,"BB",NA,"F",56.91666667,-158.6833333,"AK","UA",41.9416,19.9807,118.7081,-11.7847,1967,-12.1143585196031,4.13366790578512,5.64970246136363,4.34568702131147,2.56005293716475,3.13180008691099,3.96418208250719
"177",177,"UA_28941",16.60413161,25.32406944,24.0934068,NA,23.16734593,14.39374103,29.77266041,NA,-6.953850468,19.28735351,27.46166667,11.53016667,1966,"BB",NA,"M",56.91666667,-158.6833333,"AK","UA",45.1387,18.5995,127.4501,-12.5614,1967,-12.8910585196031,4.22117502727273,5.77002475340909,4.43247687131147,2.60062137279693,3.18723653560209,4.04230691207846
"178",178,"UA_28943",29.66171144,25.89694168,25.93171929,NA,26.20053856,14.52332763,30.47486738,NA,-29.77691304,20.34772099,29.42433333,13.453,1966,"BB",NA,"",56.91666667,-158.6833333,"AK","UA",43.5287,19.4857,125.9273,-12.5438,1967,-12.8734585196031,4.38680901859504,5.99777149147727,4.59675320696721,2.67740954501916,3.29216696989529,4.19018204639079
"179",179,"UA_28950",12.03619431,23.17104903,25.64457586,NA,23.86445674,9.306234606,26.9887144,NA,-26.80740298,14.3725477,27.22016667,9.2045,1980,"SC",NA,"F",59.66666667,-149.5666667,"AK","UA",45.2446,17.0457,124.0639,-13.6715,1981,-14.1525914273121,4.88749415528926,6.68621355443181,5.09333436713115,2.90952794172414,3.6093549360733,4.63718499092993
"180",180,"UA_35432",12.13197539,23.56145682,25.61983555,NA,24.86793939,13.51082534,26.68983796,NA,-24.45168669,16.56321459,27.641,11.2365,1995,"SE",1110,"M",57.25055556,-135.3836111,"AK","UA",43.7242,17.2253,125.2791,-12.8831,1996,-13.6044015797249,3.58483836115702,4.8950618375,3.80135607950819,2.30561471915709,2.78411226020942,3.47419665150635
"181",181,"UA_35434",13.7822167,21.19852501,24.80566356,NA,24.64652901,10.35739802,26.40187552,NA,-19.40305018,13.5456828,25.195,10.045,1996,"SE",1020,"M",57.03416667,-135.2166667,"AK","UA",46.307,17.216,139.8444,-13.833,1997,-14.5740420190918,4.41369183884298,6.03473536931818,4.62341567622951,2.68987246168582,3.30919744764398,4.21418255874409
"182",182,"UA_35437",12.08930536,23.65281772,25.25044849,NA,24.83849512,10.1778118,27.12237071,NA,-28.37962322,16.53007808,27.84483333,9.590833333,1996,"SC",1675,"M",60.66166667,-145.62,"AK","UA",40.481,16.8447,117.7222,-14.4468,1997,-15.1878420190918,4.67404596570248,6.39272229375,4.88163575286885,2.81057303390805,3.47413383167539,4.44662217558095
"183",183,"UA_35438",11.23180224,22.57273679,26.3046797,NA,21.51046351,13.87938884,26.47512424,NA,-22.50877416,16.07525871,24.71416667,10.01466667,1996,"SC",1350,"M",60.66166667,-145.62,"AK","UA",45.7495,17.7283,129.4221,-14.4945,1997,-15.2355420190918,3.41612180991736,4.66307657954545,3.63402245081967,2.22739746743295,2.677229,3.32356946154309
"184",184,"UA_35439",18.6031582,21.82547659,22.54171677,NA,21.83552988,11.26251764,25.85428676,NA,-30.184016,21.24304034,30.62433333,8.526666667,1996,"SC",1480,"F",60.35666667,-147.1033333,"AK","UA",34.2445,16.1952,98.5481,-14.502,1997,-15.2430420190918,3.99348693553719,5.45695362727272,4.20665507540983,2.49506482452107,3.04299434136126,3.83903096082042
"185",185,"UA_35440",12.29280935,21.88683777,25.80415453,NA,20.99738899,20.12941978,30.67364002,NA,-19.23749319,18.22466134,26.46833333,11.098,1996,"SC",1300,"M",60.26666667,-147.3266667,"AK","UA",39.1841,17.6696,112.3906,-14.6401,1997,-15.3811420190918,2.8227083338843,3.84713305,3.04547301967213,1.95229007049808,2.3012969026178,2.79378027533446
"186",186,"UA_35442",13.56221522,23.61020955,25.40471074,NA,22.87688185,12.03683537,25.87748945,NA,-31.7198592,15.70212285,27.982,8.810666667,1996,"SC",1480,"M",60.35666667,-147.1033333,"AK","UA",42.9875,16.7648,119.8626,-14.6612,1997,-15.4022420190918,3.77622225454546,5.15821469090909,3.99117125245902,2.39434058544061,2.90535545968586,3.64506084860801
"187",187,"UA_35445",13.52357763,23.89160639,25.55847099,NA,24.59045271,12.44976876,27.9194073,NA,-30.06251121,16.7613014,26.89833333,9.7475,1996,"SC",1340,"F",60.26666667,-147.3266667,"AK","UA",38.0328,16.7023,106.4946,-13.9779,1997,-14.7189420190918,4.24741610661157,5.8061062375,4.45850285983606,2.61278677739464,3.20386046544503,4.06573448935746
"188",188,"UA_35446",10.39336257,24.93953704,25.48775488,NA,24.96215061,12.45724737,28.48895874,NA,-21.04003393,16.75248146,28.98533333,11.0095,1996,"SC",1310,"M",60.30333333,-147.3716667,"AK","UA",45.9289,17.5925,127.2165,-13.7989,1997,-14.5399420190918,4.40999915661157,6.02965793125,4.61975326188525,2.68816052854406,3.30685810445026,4.21088579654823
"189",189,"UA_35447",14.92626872,23.29327775,26.69895078,NA,24.45760672,10.75073128,27.8452201,NA,-29.08880684,15.33978597,28.10333333,14.457,1996,"SC",1440,"M",60.30333333,-147.3716667,"AK","UA",42.6025,16.7039,126.55,-15.4261,1997,-16.1671420190918,4.7174141214876,6.45235350795454,4.92464843196721,2.83067857739464,3.50160789895288,4.48534050755137
"190",190,"UA_35449",11.07197151,26.4195917,27.50342436,NA,20.83387426,14.16126835,25.88511649,NA,-21.98555107,15.29141496,27.60433333,9.511333333,1996,"SC",1490,"F",60.30333333,-147.3716667,"AK","UA",45.6093,17.6873,125.969,-13.6245,1997,-14.3655420190918,3.16392301570248,4.3163032375,3.38389085983607,2.11047771992337,2.51745908324607,3.0984107832416
"191",191,"UA_35450",11.02733252,22.41422343,23.88957823,NA,22.47493739,10.71966748,25.67421507,NA,-27.84046492,15.8838209,25.78533333,7.952,1996,"SC",1640,"M",60.30333333,-147.3716667,"AK","UA",34.4634,16.7397,98.9749,-14.5832,1997,-15.3242420190918,4.09842285661157,5.60124051875,4.3107308659836,2.54371327835249,3.10947207146597,3.93271591823273
"192",192,"UA_36254",14.41604159,22.82226976,25.67752102,NA,23.72188558,10.04665668,26.40426562,NA,-24.83616674,14.3319274,26.48033333,10.58066667,1965,"SE",NA,"M",55.625,-131.9611111,"AK","UA",43.1381,17.4365,123.4299,-13.7833,1966,-14.10417682592,4.50426704876033,6.15927628295454,4.71324846639344,2.73186326781609,3.36657755445026,4.29504652407493
"193",193,"UA_3702",10.63146699,24.00934562,27.0806942,NA,23.69235953,12.01511693,27.38625962,NA,-23.72394227,15.84450192,31.22233333,10.25633333,1955,"SC",NA,"F",60.5,-145.75,"AK","UA",41.2408,18.4749,119.368,-13.309,1956,-13.5539507891152,4.2189255714876,5.76693175170454,4.43024585368852,2.59957852164751,3.18581148769634,4.0402986372449
"194",194,"UA_37972",13.43560857,22.69271625,27.1118343,NA,25.19281291,11.94976813,28.15425237,NA,-34.57231187,17.57336456,31.58033333,9.008666667,1996,"SE",1530,"M",57.12333333,-135.4333333,"AK","UA",35.2144,17.0816,98.6062,-14.3699,1997,-15.1109420190918,4.45997478016529,6.09837441363636,4.66931924918033,2.71132930421456,3.33851805445026,4.25550316032936
"195",195,"UA_37973",14.15152812,22.63126406,24.8398804,NA,23.53022735,10.04461575,26.33890882,NA,-23.99968324,19.78216045,26.168,9.224333333,1995,"SE",1260,"F",55.525,-131.85,"AK","UA",41.9244,17.003,118.6008,-13.1675,1996,-13.8888015797249,4.48595254090909,6.13409383465909,4.69508407745901,2.72337263390805,3.35497516989529,4.27869565136611
"196",196,"UA_37974",14.68881853,23.89903427,25.52659584,NA,23.53341104,9.780950044,26.77078264,NA,-25.09271425,16.52822476,26.51733333,9.023333333,1995,"SE",1170,"M",55.525,-131.85,"AK","UA",42.2181,16.4499,119.0061,-13.2195,1996,-13.9408015797249,4.68714166,6.41072887340909,4.89462410540983,2.81664421785441,3.48243005685864,4.45831378270639
"197",197,"UA_41613",14.72233496,24.45588107,22.46609325,NA,24.8832759,9.46262648,28.02004174,NA,-33.64753885,15.06088921,26.38733333,9.601666667,1996,"SE",1500,"M",55.525,-131.85,"AK","UA",44.2376,16.7201,122.7807,-13.4057,1997,-14.1467420190918,5.14057466198347,7.03419925113636,5.34434044344262,3.02685645249042,3.76968342460733,4.86313084673204
"198",198,"UA_41615",14.40362863,22.35628175,23.66213677,NA,22.19827309,9.751989565,22.04381816,NA,-32.31999637,16.5180575,23.31933333,7.969666667,1995,"SE",1780,"F",55.605,-133.085,"AK","UA",41.2921,15.5507,121.2524,-14.4843,1996,-15.2056015797249,3.32821488285124,4.54220455482954,3.54683607233607,2.18664368132184,2.62153927133508,3.24508769253475
"199",199,"UA_41616",13.01539728,22.99226051,20.61550681,NA,22.29785613,8.87896566,26.51584133,NA,-28.70426939,17.95906157,24.25266667,8.454666667,1995,"SE",1550,"F",55.605,-133.085,"AK","UA",43.6365,16.3578,121.2274,-13.542,1996,-14.2633015797249,4.87430287975207,6.66807555056818,5.08025121680328,2.90341244616858,3.60099815942408,4.62540805054324
"200",200,"UA_42151",13.35796625,23.65075222,23.99964298,NA,25.54603375,12.6348952,26.94860657,NA,-30.26020604,19.29564831,26.716,9.3495,1996,"BB",1470,"F",58.2,-157.5,"AK","UA",46.5241,17.8114,130.6227,-14.2255,1997,-14.9665420190918,3.91305700785124,5.34636247670454,4.12688440942623,2.45777738678161,2.99204135052356,3.76722452625744
"201",201,"UA_42152",10.84533366,24.01708276,25.97694504,NA,26.02496827,16.27670003,25.02044226,NA,-20.68035198,21.14596925,29.13,12.10933333,1996,"BB",1360,"F",58.2,-157.5,"AK","UA",47.442,19.9123,135.3827,-13.0812,1997,-13.8222420190918,2.30190890950413,3.13103384147727,2.52894244303279,1.7108466591954,1.97136637722513,2.32881964608694
"202",202,"UA_43044",11.00154923,25.37828885,26.81139581,NA,25.72939123,16.65402159,26.44322735,NA,-25.18997285,17.24970559,30.193,11.847,1996,"BB",1215,"F",58.66666667,-160.25,"AK","UA",44.0367,19.511,127.7771,-13.3326,1997,-14.0736420190918,2.60431571570248,3.5468432,2.82887050491803,1.85104291800766,2.16294346387435,2.5988031605005
"203",203,"UA_47510",15.05204375,26.5673643,25.31013883,NA,25.98485828,16.89428471,31.32704147,NA,-12.0482422,19.55264278,28.9495,13.69766667,1985,"BB",1447,"M",56.885,-158.8666667,"AK","UA",46.089,20.201,129.153,-12.087,1986,-12.6376268351948,3.94749162479339,5.393710075,4.16103677540984,2.47374132796935,3.01385595078534,3.79796715079158
"204",204,"UA_47511",15.50824653,24.23105175,27.18376359,NA,27.57338956,14.16026417,30.30702258,NA,-28.43049729,23.79478852,29.646,12.856,1985,"BB",1421,"M",56.885,-158.8666667,"AK","UA",36.1907,19.497,101.6002,-13.1303,1986,-13.6809268351948,4.44327722603306,6.07541527670454,4.6527585602459,2.70358829252874,3.32794002277487,4.24059587565742
"205",205,"UA_52183",15.73583533,23.61776081,23.15544464,NA,22.27892599,15.24028271,27.45930373,NA,-2.859779455,19.11204648,25.80383333,9.434333333,1997,"BB",NA,"F",58.18333333,-157.45,"AK","UA",45.6555,17.5393,128.0938,-13.967,1998,-14.7283227109098,3.30715484049587,4.51324699659091,3.52594865327869,2.17688021340996,2.60819756910995,3.22628565457707
"206",206,"UA_52184",16.28135842,26.16475688,26.9986976,NA,25.63030617,14.57765668,31.3549661,NA,-20.69416918,20.27287185,29.41466667,11.82733333,1997,"BB",1540,"F",58.2,-157.4166667,"AK","UA",46.1443,19.7202,129.3267,-13.4857,1998,-14.2470227109098,4.62566801404959,6.32620261022727,4.83365434180328,2.78814494137931,3.44348601937173,4.40343118536623
"207",207,"UA_84943",13.60527124,24.06383951,25.72469808,NA,24.54344113,9.801946455,27.80740079,NA,-28.7641146,15.19076058,27.692,9.598666667,2002,"SC",1250,"M",61.13055556,-146.5861111,"AK","UA",42.1185,17.028,121.2668,-14.0599,2003,-14.9312618473983,4.98091654318182,6.81466933778409,5.1859909977459,2.9528387039272,3.66853875248691,4.72059086702518
"208",208,"UA_84950",13.24328593,24.33298553,29.48682038,NA,24.39594031,12.46228108,27.72737396,NA,NA,19.02648982,30.7585,11.043,2002,"SC",1160,"F",60.74388889,-146.2069444,"AK","UA",13.712,17.7951,48.548,-15.1774,2003,-16.0487618473983,4.18825000661157,5.72475285,4.39982172786885,2.58535728275862,3.16637827643979,4.01291202873577
"209",209,"UA_84958",12.29280062,22.48858393,24.46143117,NA,21.80843872,6.209699378,26.42421758,NA,-28.76113588,15.59763677,27.9305,7.0115,2002,"SC",1440,"F",60.78888889,-146.6577778,"AK","UA",35.0226,15.283,103.0192,-15.8971,2003,-16.7684618473983,5.6199019592562,7.69327428488636,5.81973882844262,3.24907332210728,4.0733410317801,5.29106588529451
"210",210,"UA_84959",18.11779048,21.69938181,8.937208481,NA,22.62279529,12.03087618,25.76450222,NA,-28.41056261,15.27357282,27.833,29.30066667,2002,"SC",1390,"F",60.77722222,-146.4483333,"AK","UA",41.3181,16.7556,119.9523,-14.3023,2003,-15.1736618473983,3.74526373057851,5.11564672045454,3.96046648688525,2.37998816628352,2.88574299162304,3.61742161916497
"211",211,"UA_85206",19.72649641,22.48190096,23.7931115,NA,22.15110756,15.21200053,25.42727194,NA,-28.41562715,23.88152288,29.54633333,11.85166667,2006,"SE",960,"M",55.54,-131.759,"AK","UA",39.2826,20.3773,112.4873,-12.0433,2007,-13.0140387015099,2.72755784586777,3.71630112897727,2.95110245368852,1.90817815842912,2.24101832120419,2.70883158163337
"212",212,"UA_85206",19.72649641,22.48190096,23.7931115,NA,22.15110756,15.21200053,25.42727194,NA,-28.41562715,23.88152288,29.54633333,11.85166667,2006,"SE",960,"M",55.54,-131.759,"AK","UA",31.9618,17.3782,98.3758,-14.5575,2007,-15.5282387015099,2.72755784586777,3.71630112897727,2.95110245368852,1.90817815842912,2.24101832120419,2.70883158163337
"213",213,"UA_85207",14.35861812,23.29479307,20.90113085,NA,23.24690705,11.82859873,26.81872765,NA,-33.89491282,12.67180595,28.12533333,10.37366667,2006,"SE",1160,"M",55.54,-131.759,"AK","UA",41.7681,17.3032,127.9663,-13.9234,2007,-14.8941387015099,4.1087149768595,5.61539218409091,4.32093862459016,2.5484847210728,3.1159922104712,3.94190454341691
"214",214,"UA_85208",12.98921137,23.66508585,13.01797099,NA,22.42702664,9.534624038,25.13360036,NA,-28.17434399,15.07915275,27.17166667,9.900333333,2006,"SE",1360,"M",55.54,-131.759,"AK","UA",40.9697,16.439,124.5042,-14.3804,2007,-15.3511387015099,4.28482786173554,5.85754740079545,4.49560796122951,2.63013092440613,3.22756110612565,4.09913505085846
"215",215,"UA_85212",16.06231143,22.63540053,24.1726566,NA,22.84141741,11.39341548,26.5597389,NA,-28.57308363,10.76547647,26.10033333,8.006666667,2005,"SE",1520,"M",55.54,-131.759,"AK","UA",40.4558,15.6869,118.6751,-14.3123,2006,-15.2571794276974,4.15968032809917,5.68546954204545,4.37148622704918,2.57211233601533,3.14827916073298,3.98740551878842
"216",216,"UA_87032",13.41831046,23.3940571,25.48213902,NA,22.71788444,11.4399093,28.01637593,NA,-20.97075093,16.52734776,26.53033333,8.754666667,2003,"SC",1480,"F",61.40083333,-150.5085,"AK","UA",44.8336,17.2477,126.2547,-14.4095,2004,-15.3047091065735,4.56757299214876,6.24632195511363,4.77603550860656,2.76121200019157,3.40668236675393,4.35156496456289
"217",217,"UA_99535",14.54377997,22.48071966,25.76820367,NA,23.26772706,13.4953303,26.30616156,NA,-30.78940993,11.84195759,27.71533333,8.641333333,2003,"SE",1250,"F",59.364,-139.368,"AK","UA",37.8368,16.6342,106.3359,-14.2715,2004,-15.1667091065735,3.47833962066116,4.74862606931818,3.6957302795082,2.25624173984674,2.71664447172775,3.37911643621241
"218",218,"UA_99536",13.62636397,20.66839491,22.1401119,NA,21.15855062,11.54848949,23.92387256,NA,-29.32624497,15.88243443,22.38733333,8.765,2003,"SE",1430,"",59.364,-139.368,"AK","UA",41.6202,16.4169,119.2428,-15.0758,2004,-15.9710091065735,3.35238353264463,4.57543644829545,3.57080661844262,2.19784830440613,2.63685030078534,3.26666504091483
"219",219,"UA_99537",15.39984813,23.65008748,18.9009032,NA,23.62685761,12.09556949,25.14146921,NA,-32.57886804,14.9471364,27.608,8.397333333,2003,"SE",1520,"F",59.364,-139.368,"AK","UA",82.6285,5.9016,295.1506,-14.297,2004,-15.1922091065735,3.54633462975207,4.84211920681818,3.76316795245901,2.2877643302682,2.75971984397906,3.4398211926553
"220",220,"UA_99543",13.32026221,23.74117747,26.91242466,NA,24.00161397,10.94998283,27.96036738,NA,-35.92554374,10.82711094,27.00233333,7.63,2003,"SE",1540,"M",59.46,-139.633,"AK","UA",38.1177,16.1704,122.3155,-16.4521,2004,-17.3473091065735,4.69308644008265,6.41890294602272,4.90052015778688,2.81940022701149,3.48619612172775,4.4636211785263
"221",221,"UA_99544",14.32899067,22.35446448,23.65657874,NA,24.04891297,10.78818887,25.87545885,NA,-27.65739387,12.34215468,26.503,10.213,2003,"SE",1420,"M",59.46,-139.633,"AK","UA",42.876,16.8769,117.9143,-13.3729,2004,-14.2681091065735,4.13681363057851,5.65402783295454,4.34880696147541,2.5615113,3.13379292827225,3.96699053065614
"222",222,"UA_99563",12.9146639,22.15804668,22.68473549,NA,23.64883179,9.906370327,26.156115,NA,-26.05333871,16.68534394,25.0435,8.071166667,2003,"SE",NA,"",59.555,-139.798,"AK","UA",41.2002,16.4207,113.3941,-14.4738,2004,-15.3690091065735,4.47306664095041,6.11637572221591,4.68230379963115,2.7173987109387,3.3468118510733,4.26719134496189
"223",223,"UA_99566",12.60927043,23.37408785,25.6868656,NA,23.56216237,12.18613255,26.48056505,NA,-27.82985457,17.31916319,23.451,10.41066667,2003,"SE",NA,"",59.555,-139.798,"AK","UA",40.0665,17.2562,115.4251,-14.1097,2004,-15.0049091065735,3.90748047520661,5.33869474431818,4.12135358606557,2.45519209770115,2.98850857329843,3.76224589531799
"224",224,"UA_99570",13.39268857,23.36026347,22.02840616,NA,23.93907578,11.84308052,27.06013736,NA,-32.08644701,15.287373,26.979,8.974,2003,"SE",NA,"",59.555,-139.798,"AK","UA",40.5154,17.3091,114.3946,-14.2529,2004,-15.1481091065735,4.17435528429752,5.70564760681818,4.38604089672131,2.57891566819923,3.15757586073298,4.00050706335385
"225",225,"UA_99572",13.94584044,23.41396189,25.89104566,NA,23.11404603,10.95473231,27.24174933,NA,-31.52108119,13.83041378,28.039,8.243666667,2003,"SE",NA,"",59.555,-139.798,"AK","UA",35.4525,16.2203,112.4143,-15.8402,2004,-16.7354091065735,4.48384789834711,6.13119995113636,4.69299668606557,2.7223969183908,3.35364186230366,4.2768166632487
"226",226,"UA_99575",12.75258777,23.74892714,25.40265168,NA,23.78799182,9.96113155,29.35196459,NA,-23.41066219,16.79454337,27.9595,9.5845,2005,"SC",1500,"M",60.72,-146.7166667,"AK","UA",43.5483,18.0476,120.1991,-14.2496,2006,-15.1944794276974,5.38164592066116,7.36567223181818,5.58343570819672,3.13861745747126,3.92240396020942,5.07835505567135
"227",227,"UA_99641",13.22345893,22.97705499,23.83393413,NA,23.07234406,10.72232475,27.71734473,NA,-26.5258249,15.02892444,26.23783333,8.756833333,2004,"SC",1450,"F",60.54166667,-145.7566667,"AK","UA",43.586,16.9496,120.8155,-13.8314,2005,-14.7511090128343,4.68864214297521,6.4127920375,4.89611228934426,2.8173398440613,3.48338062460733,4.45965338769762
"228",228,"UA_99657",14.04494797,19.89473683,23.12635346,NA,20.31570752,11.03731535,25.10425022,NA,-28.62374667,19.75591126,23.70666667,6.988333333,2004,"SE",1350,"F",58.30166667,-134.4183333,"AK","UA",38.9598,15.3521,113.185,-14.3081,2005,-15.2278090128343,3.84167537561984,5.24821273238636,4.05608787254098,2.42468475268199,2.94682052591623,3.70349625182908
"229",229,"UA_99658",14.60474808,21.81777279,21.16521758,NA,20.93380018,9.597444716,25.51933067,NA,-34.40046174,10.62314602,23.541,8.953666667,2004,"SE",1410,"F",58.66833333,-134.915,"AK","UA",38.7141,14.8852,111.8242,-14.4079,2005,-15.3276090128343,4.37823147429752,5.98597736806818,4.58824597040983,2.67343298233716,3.28673302821989,4.18252416466652
"230",230,"UA_99665",11.34118073,19.89253789,21.78194775,NA,21.81739136,8.587925548,25.41380728,NA,-30.55631942,14.65640645,24.993,6.036666667,2006,"SE",1680,"M",55.58,-133.1566667,"AK","UA",41.3521,14.9035,115.36,-15.2125,2007,-16.1832387015099,4.63971785636364,6.34552114340909,4.84758902147541,2.79465846980843,3.45238670481675,4.41597463917466
"231",231,"UA_99667",NA,21.19604678,20.90118778,NA,21.40512775,11.21768451,25.57810519,NA,-17.01373992,16.63592428,24.31,11.25183333,2005,"SE",1345,"M",55.795,-133.3066667,"AK","UA",38.708,16.1819,112.8745,-14.3017,2006,-15.2465794276974,3.92656796528926,5.36494004318182,4.14028462131147,2.46404108735632,3.00060064816754,3.77928687306128
"232",232,"UA_99693",12.18525696,23.83174837,24.82556572,NA,23.44469301,12.47629041,26.35392214,NA,-25.28564594,17.93992481,29.05116667,9.6785,2003,"SC",1390,"M",60.355,-146.6333333,"AK","UA",46.099,17.1331,127.9262,-14.2467,2004,-15.1419091065735,3.78691826900827,5.17292171079545,4.00177959467213,2.39929927413793,2.91213146884817,3.65461006349239
